{
    // "name":"Boss"
	"damageMultiplier":1.4,
	//攻击力倍率（数值越大，攻击力越高）
	"healthMultiplier":0.75,
	//血量倍率（数值越大，血量最大上限越高）
	"speedMultiplier":1.25,
	//速度倍率（数值越大，移动越快）
	"reloadMultiplier":1.25,
	//射速倍率（数值越大，射速越快）
	"damage":0.5,
	//每1/60秒扣血速度（负数为回血）
		"transitionDamage":200,
	//影响因素造成的伤害
	"affinities":[
	    "wet",
	    "freezing",
	    "melting",
	   // "freezing",        
	    ],
	    //影响因素
}