{
    "name": "战吼",
    "research":""
    "description": "战争机器",
    "type": "tank",
    "armor": 22,
    "speed":0.8,
    "rotateSpeed":2,
    "hitSize":26,
    "treadFrames":50,
    "health":800000,
    "treadPullOffset":0.3,
    "rippleScale":1.2
    "squareShape":true
    "omniMovement":false
    "rotateMoveFirst":true
    "itemCapacity":100,
    "outlineColor": "212121",
	//描边颜色
	"envDisabled":0,
    //需要的环境
    "crushDamage":8,
    //碰撞伤害
    "immunities":[
        "短路",
        "burning"
        ],
        "ammoType":{
        "type":"ItemAmmoType",
        "item":"初代合晶",
    },
	"weapons":[
		{
			"name": "战吼主炮",
			"reload": 50,
			"x": 0,
			"y": 0,
			"rotate": true,
			"top": true,
			"recoil": 2,
			"inaccuracy": 0,
			"alternate": true,
			"shootSound": "laser",
			"shake": 2,
			"bullet": {
				"type": "LaserBulletType",
				"recoil": 1,
				"damage": 2650,
				//"laserAbsorb": false,
				"shootEffect": "bigShockwave",
				"colors": [
					"0C9DF5FF",
					"0C9DF5FF",
					"FFFFFF"
				],
				"width": 30,
				"length": 300
			}
		}
      {	"name": "战吼机枪",
	"reload":5, 
	"shake":3,
	"recoil":1,
    "x": 22,  "y": -12,    
    "shootX":0, "shootY":3,
    "rotate": true,
    "top":true,
    "inaccuracy": 0,
    	"shoot":{
    	"type":"ShootAlternate",
    	"barrels":3,
		//炮口数量
		"spread":1.5,
		//炮口间距设定
		"shots":3,
		//每次射出子弹数
		"shotDelay":0.3,
		//射击延迟
    },
	"shootSound": "shootBig",
	"alternate": true,
	"ejectEffect":"casing4",
	"bullet":{
	   "damage":150, 
   // "splashDamage":600,
      "reflectable":false,//被反弹
  //  "splashDamageRadius":40,
   	"pierce": true,
	"pierceBuilding":true,
    "pierceArmor": true,
	"pierceCap":2,
    "speed":10,
    "lifetime":60,
    "hitSound":"explosion",
    "shootEffect":"shootBig",
    "smokeEffect":"shootBigSmoke",
    "width":5,	 "height":10,
	"despawnEffect":"flakExplosionBig"
	}
	}
		{	"name": "战吼穿甲弹",
	"reload":10, 
	"shake":3,
	"recoil":1,
    "x": 16,  "y": -3,    
    "shootX":0, "shootY":3,
    "rotate": true,
    "top":true,
    "inaccuracy": 0.5,
	"shootSound": "shootBig",
	"alternate": true,
	"ejectEffect":"casing4",
	"bullet":{
	   "damage":655, 
   // "splashDamage":600,
      "reflectable":false,//被反弹
   // "splashDamageRadius":40,
   	"pierce": true,
	"pierceBuilding":true,
    "pierceArmor": true,
	"pierceCap":3,
    "speed":8,
    "lifetime":60,
    "hitSound":"explosion",
    "shootEffect":"shootBig",
    "smokeEffect":"shootBigSmoke",
    "width":12,	 "height":20,
	"despawnEffect":"flakExplosionBig"
	}
	}
	{	"name": "战吼穿甲弹",
	"reload":10, 
	"shake":3,
	"recoil":1,
    "x": 16,  "y": 6,    
    "shootX":0, "shootY":3,
    "rotate": true,
    "top":true,
    "inaccuracy": 0,
	"shootSound": "shootBig",
	"alternate": true,
	"ejectEffect":"casing4",
	"bullet":{
	   "damage":585, 
   // "splashDamage":400,
    //  "reflectable":false,//被反弹
  //  "splashDamageRadius":40,
   	"pierce": true,
	"pierceBuilding":true,
    "pierceArmor": true,
	"pierceCap":3,
    "speed":8,
    "lifetime":60,
    "hitSound":"explosion",
    "shootEffect":"shootBig",
    "smokeEffect":"shootBigSmoke",
    "width":12,	 "height":20,
	"despawnEffect":"flakExplosionBig"
	}
	}
            ]
            	"abilities":[
		{
   			"type": "UnitSpawnAbility",
    		"unit": "出征",
    		//单位类型
    		"spawnX":0,
    		//出生位置(x)
		    "spawnY":0,
		    //出生位置(y)
    		"spawnTime":1200,
    		//出生时间
  		},
	]
}