{
    "speed":0.4,
    "hitSize":43,
    "name": "天甲",
    "health":310000,
    "description":"终甲升级，强大的6级单位",
    "itemCapacity":0,
    "armor":35,
    // "type": "mech",
    "canBoost":false,
        "rotateSpeed":2,
    //转身速度
    //能否使用推进器飞行
    // "landShake":1,
    // //着陆震动
    // "riseSpeed":2,
    // //双腿收起速度
    // "engineSize":2,
    // //引擎尺寸
    // "engineOffset":4,
    // //引擎偏移
    // "boostMultiplier":1.75,
    // //飞行速度
    "research": "终甲",
    "weapons": [
    {
            "name":"天甲",
            "mirror":false,
            "y":0,
            "x":0,
               "top":false,
            	"shoot": {
    "type": "shootBarrel",
    "shots": 1,//炮口数量
    "shotDelay":0,
}
            "shootX":2,
            "reload":150,
            //射速
            "recoil":0.4,
            //后坐力
            "shake":0.5,
            //屏幕摇晃
            "shootSound": "missileSmall",
            "rotate":false,
            "inaccuracy":5,//不准确度
            "bullet": {
            "spawnUnit": "合晶工业-天甲导弹",
			"speed":6,
            },
            }
         {
            "name": "天甲主炮",
            "reload":60,
            "x":28,
            "shootY":16
            "y":1,
            "top": false,
            		"shoot":{
				"shots":2,
				"shotDelay":5
			}
            "ejectEffect": "casing1",
            "bullet": {
                "type": "BasicBulletType",
                "damage":500,
                      	  "buildingDamageMultiplier":2,      
                "speed":6,
                "width":10,
                "height":20,
                "lifetime":50,
               "homingPower": 0.8,
		   "homingRange":260,
                "shootEffect": "shootSmall",
                "smokeEffect": "shootSmallSmoke",
                "ammoMultiplier": 1.2
                "lightningDamage":50,
                "lightning":6,
                   "lightningColor": "#71ffff",
                "lightningLength":25,
                 "fragBullets": 4,
            "fragBullet": {
                "speed": 6.2,
                "damage": 120,
                "lifetime": 15
                     "homingPower": 0.8,
		   "homingRange":260,
                 "buildingDamageMultiplier":2.5,  
                 "lightningDamage":40,
                "lightning":6,
                  "lightningColor": "#71ffff",
                "lightningLength":20,                                  "fragBullets": 1,
         	"fragBullet": {
					"type": "PointBulletType",
					"trailSpacing": 9,
					"trailEffect": {
						"type": "ParticleEffect",
						"particles": 1,
						"length": 0,
						"baseLength": 1,
						"lifetime": 8,
						"line": true,
						"randLength": false,
						"lenFrom": 10,
						"lenTo": 10,
						"strokeFrom": 2,
						"strokeTo": 0,
						"colorFrom": "#71ffff",
						"colorTo": "#71ffff",
						"cone": 0
					},
					"lifetime": 10,
					"speed": 15,
					"status": "短路",
					     "homingPower": 0.8,
		   "homingRange":260,
					"statusDuration": 60,
					"buildingDamageMultiplier": 3,
					"splashDamageRadius": 38,
					"splashDamage": 300,
					"hitShake": 6,
					"hitSound": "laser",
					"hitEffect": {
						"type": "MultiEffect",
						"effects": [
							{
								"type": "ParticleEffect",
								"particles": 1,
								"sizeFrom": 5,
								"sizeTo": 0,
								"length": 0,
								"baseLength": 0,
								"lifetime": 11,
								"colorFrom": "#71ffff",
								"colorTo": "#71ffff",
								"cone": 360
							},
							{
								"type": "ParticleEffect",
								"particles": 22,
								"line": true,
								"strokeFrom": 1,
								"strokeTo": 0,
								"lenFrom": 18,
								"lenTo": 0,
								"length": 33,
								"baseLength": 2,
								"lifetime": 10,
								"colorFrom": "#71ffff",
								"colorTo": "#71ffff",
								"cone": 360
							}
						]
					},
					"despawnEffect": "none"
					"fragBullets": 2,
         	"fragBullet": {
					"type": "PointBulletType",
					"trailSpacing": 9,
					"trailEffect": {
						"type": "ParticleEffect",
						"particles": 1,
						"length": 0,
						"baseLength": 1,
						"lifetime": 8,
						"line": true,
						"randLength": false,
						"lenFrom": 10,
						"lenTo": 10,
						"strokeFrom": 2,
						"strokeTo": 0,
						"colorFrom": "#71ffff",
						"colorTo": "#71ffff",
						"cone": 0
					},
					"lifetime": 10,
					"speed": 15,
					"status": "短路",
					     "homingPower": 0.8,
		   "homingRange":260,
					"statusDuration": 60,
					"buildingDamageMultiplier": 3,
					"splashDamageRadius": 38,
					"splashDamage": 300,
					"hitShake": 6,
					"hitSound": "laser",
					"hitEffect": {
						"type": "MultiEffect",
						"effects": [
							{
								"type": "ParticleEffect",
								"particles": 1,
								"sizeFrom": 5,
								"sizeTo": 0,
								"length": 0,
								"baseLength": 0,
								"lifetime": 11,
								"colorFrom": "#71ffff",
								"colorTo": "#71ffff",
								"cone": 360
							},
							{
								"type": "ParticleEffect",
								"particles": 22,
								"line": true,
								"strokeFrom": 1,
								"strokeTo": 0,
								"lenFrom": 18,
								"lenTo": 0,
								"length": 33,
								"baseLength": 2,
								"lifetime": 10,
								"colorFrom": "#71ffff",
								"colorTo": "#71ffff",
								"cone": 360
							}
						]
					},
					"despawnEffect": "none"
				}
				}
            },
            }
        },
  /*      {"name": "超甲激光",
    "shoot": {
        "type": "ShootSpread",
        "shots": 7,
        "spread": 5},
	"reload":30,     
    "x":28,  "y":1, 
	"shootY":7,
	"rotate": false,
    "rotateSpeed":2,
    "inaccuracy": 0,
	"alternate": true,
    "ejectEffect":"casing1",
	"shootSound":"shootBig",
	"shake":2,
	"bullet":{
"type": "ShrapnelBulletType",
"damage":500,
"lifetime":30,
"length":300,
"width":25,
 	  "buildingDamageMultiplier":2,     
"serrationLenScl":3,
"serrationSpaceOffset":30,
"serrationFadeOffset":0,
"serrations":10,
"serrationWidth":3,
"statusDuration":300,
"status":"sapped",
"fromColor":"#00c7fc",
"toColor":"#0031fc",
"shootEffect":{"type": "ParticleEffect",
    "particles": 4,
    "line":true,
    "length": 15,
    "baseLength": 0,
    "lifetime": 15,
    "colorFrom": "#0031fc",
    "colorTo": "#00c7fc",
    "cone": 20},
    "smokeEffect": "sparkShoot"
    }},*/
        	{	"name": "天甲副炮",
	"reload":30, 
	"shake":3,
	"recoil":1,
    "x": 15,  "y": -7,    
    "shootX":0, "shootY":3,
    "rotate": false,
    "top":true,
    "inaccuracy": 0.5,
	"shootSound": "shootBig",
	"alternate": true,
	"ejectEffect":"casing4",
	"bullet":{
	   "damage":845, 
    "splashDamage":600,
      "reflectable":false,//被反弹
    "splashDamageRadius":40,
   	"pierce": true,
	"pierceBuilding":true,
    "pierceArmor": true,
	"pierceCap":3,
    "speed":8,
    "lifetime":60,
    "hitSound":"explosion",
    "shootEffect":"shootBig",
    "smokeEffect":"shootBigSmoke",
    "width":12,	 "height":20,
    "hitEffect": {
        "type": "ParticleEffect",
        "particles": 18,
        "line": true,
        "strokeFrom": 3,
        "strokeTo": 0,
        "lenFrom": 18,
        "lenTo": 0,
        "length": 50,
        "baseLength": 0,
        "lifetime": 15,
        "colorFrom": "#71ffff",
        "colorTo": "ffffff",
        "cone": 60
    },
	"despawnEffect":"flakExplosionBig"
	}
	}
	{	"name": "天甲副炮",
	"reload":20, 
	"shake":3,
	"recoil":1,
    "x": 14,  "y": 7,    
    "shootX":0, "shootY":3,
    "rotate": false,
    "top":true,
    "inaccuracy": 0.5,
	"shootSound": "shootBig",
	"alternate": true,
	"ejectEffect":"casing4",
	"bullet":{
	   "damage":845, 
    "splashDamage":600,
      "reflectable":false,//被反弹
    "splashDamageRadius":40,
   	"pierce": true,
	"pierceBuilding":true,
    "pierceArmor": true,
	"pierceCap":3,
    "speed":8,
    "lifetime":60,
    "hitSound":"explosion",
    "shootEffect":"shootBig",
    "smokeEffect":"shootBigSmoke",
    "width":12,	 "height":20,
    "hitEffect": {
         "type": "ParticleEffect",
        "particles": 18,
        "line": true,
        "strokeFrom": 3,
        "strokeTo": 0,
        "lenFrom": 18,
        "lenTo": 0,
        "length": 50,
        "baseLength": 0,
        "lifetime": 15,
        "colorFrom": "#71ffff",
        "colorTo": "ffffff",
        "cone": 60
    },
	"despawnEffect":"flakExplosionBig"
	}
	}
/*	{
            "name": "",
            "reload":60,
            "x":0,
            "y":-20,
            "top":false,
            "recoil":0,
            "rotateSpeed":10,
            "shake":6,
            "mirror":true,
            "rotate":true,
            "xRand":50,
            "ignoreRotation":true,
            "shootSound":"plasmaboom",
            "bullet": {
                "type":"ArtilleryBulletType",
                "shrinkY":0,
                "status":"electrified",
                "smokeEffect":"none",
                "trailEffect":"none",
                "lifetime":60,
                "spin":2,
                "speed":8,
                "trailChance":0,
                "width":38,
                "height":38,
                "damage":1500,
                "splashDamage":750,
                "splashDamageRadius":80,
                "shootEffect":"bigShockwave",
                "hitEffect":"massiveExplosion",
                "backColor":"ffffff",
                "frontColor":"#71ffff",
                "collidesGround":true,
                "collidesAir":true,
                	"homingPower":2,
	//追踪力度
                "buildingDamageMultiplier":1,
                 "fragBullets": 3,
         	"fragBullet": {
			  "type":"ArtilleryBulletType",
                "shrinkY":0,
                "status":"烈性燃烧",
                "smokeEffect":"none",
                "trailEffect":"none",
                "lifetime":60,
                "spin":2,
                "speed":3,
                "trailChance":0,
                "width":38,
                "height":38,
                "damage":700,
                "splashDamage":350,
                "splashDamageRadius":40,
                "shootEffect":"bigShockwave",
                "hitEffect":"massiveExplosion",
                "backColor":"ffffff",
                "frontColor":"#71ffff",
                "collidesGround":true,
                "collidesAir":true,
                "buildingDamageMultiplier":1,
                	"homingPower":2,
                   "fragBullets": 2,
         	"fragBullet": {
			  "type":"ArtilleryBulletType",
                "shrinkY":0,
                "status":"烈性燃烧",
                "smokeEffect":"none",
                "trailEffect":"none",
                "lifetime":60,
                "spin":2,
                "speed":3,
                "trailChance":0,
                "width":38,
                "height":38,
                "damage":200,
                "splashDamage":60,
                "splashDamageRadius":20,
                "shootEffect":"bigShockwave",
                "hitEffect":"massiveExplosion",
                "backColor":"ffffff",
                "frontColor":"#71ffff",
                "collidesGround":true,
                "collidesAir":true,
                "buildingDamageMultiplier":1,
                	"homingPower":2,
				}
				}
            },
        },*/
    ]
    	"abilities":[
    	 {"type": "ShieldArcAbility",
    "radius": 80,
    "width": 20,
    "max": 5000,
    "regen": 1,
    "cooldown": 1200,
    "angle": 360,
    "angleOffset": 80
    "whenShooting":false
    },
  /*  {"type": "ShieldArcAbility",
    "radius": 80,
    "width": 20,
    "max": 5000,
    "regen": 1,
    "cooldown": 1200,
    "angle": 360,
    "angleOffset": 360
      "whenShooting":false
    }*/
	/*	{
			"type": "ForceFieldAbility",
    		"radius":90,
    		//范围
    		"regen":1.5,
    		//每帧盾容回复量
    		"max":2500,
    		//盾容
    		"cooldown":400
    		//被击破后的冷却(8/1s)
    		"sides":10
		},*/
		{
   			"type": "UnitSpawnAbility",
    		"unit": "超甲",
    		//单位类型
    		"spawnX":-25,
    		//出生位置(x)
		    "spawnY":-8.5,
		    //出生位置(y)
    		"spawnTime":3600,
    		//出生时间
  		},
  		{
   			"type": "UnitSpawnAbility",
    		"unit": "超甲",
    		//单位类型
    		"spawnX":25,
    		//出生位置(x)
		    "spawnY":-8.5,
		    //出生位置(y)
    		"spawnTime":3600,
    		//出生时间
  		},
  			{
            "type": "StatusFieldAbility"
            "activeEffect":{
		        "type": "WaveEffect"
		        "lifetime":30
		        "sizeFrom": 0,
                "sizeTo": 300,
                "strokeFrom": 5,
                "strokeTo": 0,
		        "colorFrom": "#71ffff"
		        "colorTo": "#71ffff"
            },
        "effect":"一级武装",
        "range":300,
        "reload":1200,
        "duration":600,
        }
	]
}