{
    "speed":0.2,
    "hitSize":40,
    "name": "终甲",
    "health":70000,
    "description":"加强了闪电分解炮与激光的陆军单位，超级厚装甲……",
    "itemCapacity":180,
    "armor":30,
            "rotateSpeed":1.2,
    // "type": "mech",
    "canBoost":false,
    //能否使用推进器飞行
    // "landShake":1,
    // //着陆震动
    // "riseSpeed":2,
    // //双腿收起速度
    // "engineSize":2,
    // //引擎尺寸
    // "engineOffset":4,
    // //引擎偏移
    // "boostMultiplier":1.75,
    // //飞行速度
    "research": "超甲",
    "weapons": [
        {
            "name": "终甲-weapon",
            "reload":100,
            "x":21.5,
            "y":1,
            "top": false,
            		"shoot":{
				"shots":3,
				"shotDelay":10
			}
            "ejectEffect": "casing1",
            "bullet": {
                "type": "BasicBulletType",
                "damage":350,
                      //	  "buildingDamageMultiplier":2,      
                "speed":6,
                "width":10,
                "height":20,
                "lifetime":50,
               "homingPower": 0.8,
		   "homingRange":260,
                "shootEffect": "shootSmall",
                "smokeEffect": "shootSmallSmoke",
                "ammoMultiplier": 1.2
               // "lightningDamage":50,
            //    "lightning":6,
                  // "lightningColor": "#71ffff",                        
                     "fragBullets": 2,
         	"fragBullet": {
			    "type": "BasicBulletType",
                "damage":150,
                      //	  "buildingDamageMultiplier":2,      
                "speed":6,
                "width":5,
                "height":10,
                "lifetime":50,
               "homingPower": 0.8,
		   "homingRange":60,
                "shootEffect": "shootSmall",
                "smokeEffect": "shootSmallSmoke",
                "ammoMultiplier": 1.2
               // "lightningDamage":50,
             //   "lightning":3,
           //        "lightningColor": "#71ffff",     
                                 "fragBullets": 4,
               	"fragBullet": {
			    "type": "BasicBulletType",
                "damage":120,
                      //	  "buildingDamageMultiplier":2,      
                "speed":6,
                "width":3,
                "height":8,
                "lifetime":50,
              "homingPower": 0.8,
		  "homingRange":260,
                "shootEffect": "shootSmall",
                "smokeEffect": "shootSmallSmoke",
                "ammoMultiplier": 1.2
                "lightningDamage":50,
                "lightning":6,
                   "lightningColor": "#71ffff",    }    
            },
            },
        },
            {"name": "超甲激光",
    "shoot": {
        "type": "ShootSpread",
        "shots": 3,
        "spread": 8
        },
	"reload":50,     
    "x":11,  "y":0, 
	"shootY":7,
	"rotate": true,
    "rotateSpeed":2,
    "inaccuracy": 0,
	"alternate": true,
    "ejectEffect":"casing1",
	"shootSound":"shootBig",
	"shake":2,
	"bullet":{
"type": "ShrapnelBulletType",
"damage":250,
"lifetime":15,
"length":200,
"width":25,
 	  "buildingDamageMultiplier":2,     
"serrationLenScl":3,
"serrationSpaceOffset":30,
"serrationFadeOffset":0,
"serrations":10,
"serrationWidth":3,
"statusDuration":300,
"status":"sapped",
"fromColor":"#00c7fc",
"toColor":"#0031fc",
"shootEffect":{"type": "ParticleEffect",
    "particles": 4,
    "line":true,
    "length": 15,
    "baseLength": 0,
    "lifetime": 15,
    "colorFrom": "#0031fc",
    "colorTo": "#00c7fc",
    "cone": 20},
    "smokeEffect": "sparkShoot"
    }},
    ]
    /*	"abilities":[
    		{
			"type": "ForceFieldAbility",
    		"radius":80,
    		//范围
    		"regen":1.5,
    		//每帧盾容回复量
    		"max":6000,
    		//盾容
    		"cooldown":1200
    		//被击破后的冷却(8/1s)
		},
	],*/
}