{
    "type": "payload"
    "name": "战栗",
    "description": "保护合晶核心ll，可建造建筑。发射闪电球",
    "controller": "BuilderAI",
    "flying": true,
    "lowAltitude": true,
      "coreUnitDock":true
    "speed":6,
  //  "accel":0.5,
    //加速
   "MoveLightningAbility":true
    "drag": 0.1,
    "itemCapacity":200,
    "rotateSpeed": 22,
    "outlineColor": "212121",
	//描边颜色
    "buildSpeed": 8,
    //建筑速度
       "engineSize":8,
    //引擎尺寸
    "payloadCapacity":64,
	//载荷（64为1²格）
    "buildBeamOffset":3,
    "mineFloor":true,
    //能否挖地
    "mineWalls":true,
    //能否挖墙
    "mineSpeed":40,
    //挖矿速度
    "mineTier":5,
    //挖矿等级
    	"mineRange": 250,
    		"buildRange": 250,
    "engineOffset":14,
    "buildPower":2
    "minePower":2
    "engineColor":"#55b2ff",
    //引擎颜色
    "trailLength":6, 
    //拖尾长
   	"trailColor": "#55b2ff",
   	//拖尾颜色
    "hitSize":15,
    "health":5000,
    "armor":8,
    "envDisabled":0,
    //需要的环境
        "ammoType":{
        "type":"PowerAmmoType",
    },
    "weapons":[
     {
            "type":"RepairBeamWeapon",
            "name":"",
            "y":0,
            "x":0,
            "shootY":7,
            "reload":10,
            //射速
            "recoil":0,
            //后坐力
            "beamWidth":0.7,
            //激光宽度
            "repairSpeed":10,
            //修理速度
            "fractionRepairSpeed":0.35,
            //分段修理速度
            "shootCone":15,
            "targetUnits":true,
            //目标单位
            "targetBuildings":true,
            //目标建筑
            "autoTarget":true,
            //自动锁定目标
            "controllable":false,
            //可控
            "laserColor":"#71ffff",
            //激光颜色
            "healColor":"#71ffff",
            //修复颜色
            "shake":0,
            "rotate":false,
            "top":false,
            "mirror":false,
            "bullet": {
                "damage":10,
                "maxRange":120,
                }
            },
    	{
			"name":"",
			"mirror":true,
			"x":0,
			"y":0,
			"reload":300,
			"shootSound":"missile",
			"recoil":0,
			"rotate":true,
	        "inaccuracy":2,
			"bullet":{
			    "type": "BasicBulletType",
       // "absorbable": false,
        "collidesGround": true,
        "collidesAir": true,
        		"pierce":true,//穿透
       // 		"pierceCap":1
        		//	"pierceBuilding":true,//穿透建筑
        "bulletInterval":0,
        "intervalBullets": 4,
        "intervalRandomSpread": 360,
        "intervalSpread": 360,
        "intervalAngle": 0,
        "intervalBullet": {
         "type":"LightningBulletType",
    "damage":50,
    "lightningLength":23,
	"ammoMultiplier":1,
    "collidesAir": true
"lightningColor": "0091FFFF",
        /*
   "type":"LightningBulletType",
    "damage":55,
    "lightningLength":35,
	"ammoMultiplier":1,
    "collidesAir": true
"lightningColor": "0091FFFF",
*/
        },
       
        "damage":120,
        "speed": 1,
        "lifetime": 300,
       //"drag": -0.005,
        "sprite": "合晶工业-圆",
        "width":40,
       	"homingPower":0.8,
	//追踪力度 
        "height":40,
     //   "trailLength": 50,
    //    "trailWidth": 8,
        "shrinkY": 0,
                "shrinkX": 0,
        "shake": 2,
        "ammoMultiplier": 1,
        "backColor": "0091FFFF",
        "frontColor": "0091FFFF",
        "trailColor": "0091FFFF",  
}}
        ]
        
        	"abilities":[
    	
			{
					"type": "ForceFieldAbility",
    		"radius":30,
    		//范围
    		"regen":1,
    		//每帧盾容回复量
    		"max":3000,
    		//盾容
    		"cooldown":240
    		//被击破后的冷却(8/1s)
    		"sides":1
		},

	],
	
}