{
	"name":"测试",
	"description":"较厉害的小飞机……/n目标建筑：发电机。"
	"hitSize":7,
	//碰撞箱
	// "range": 420,
    "rotateSpeed":6,
    //转身速度
    	//"details":"目标建筑：发电机。"
    "itemCapacity":10,
    //物品容量
    "mass":1000000
    "canDrown":false,
    //能否被淹死
    "circleTarget":true,
     "forceMultiTarget":true,
    "buildSpeed":0,
    //建筑速率
    "type":"flying",
    //空军
    "flying":true,
    //是否飞行
    "speed":2,
    //移速
    "health":200,
    "lowAltitude":true,
    "engineSize":2.5,
    //引擎尺寸
    "engineOffset":4,
    //引擎偏移
    "armor":3,
    //护甲
    "targetFlags":["generator"]//ai攻击目标
   // "research":"特种飞机工厂",
	"weapons": [
		{
		"length":1.5,
		"reload":10,
		"rotate":true,
			"shootSound": "shootSnap",
		"alternate":true,
            "bullet": {
                "type": "MissileBulletType",
                "width": 10,
                "height": 10,
                "shrinY": 0,
                "drag": -0.05,
                "speed": 2.0,
                "homingRange": 40,
                "kepVelocity": true,
                "splashDamageRadius": 20,
                "splashDamage": 120,
                "damage": 200,
                "lifetime": 50,
                "trailColor": "E6E6E6",
                "backColor": "F9FAC5",
                "frontColor": "FAFCB8",
                "hitEffect": "blastExplosion",
                "despawnEffect": "blastExplosion",
                "weaveScale": 3,
                "weaveMag": 4
            }
		}
	]
}