{
	"name":"烈空",
	"description":"较厉害的小飞机……/n目标建筑：发电机。"
	"hitSize":7,
	//碰撞箱
	// "range": 420,
    "rotateSpeed":6,
    //转身速度
    	//"details":"目标建筑：发电机。"
    "itemCapacity":10,
    //物品容量
    "mass":1000000
    "canDrown":false,
    //能否被淹死
    "circleTarget":true,
     "forceMultiTarget":true,
    "buildSpeed":0,
    //建筑速率
    //"type":"flying",
    //空军
    "flying":true,
    //是否飞行
    "speed":1.8,
    //移速
    "health":300,
    "lowAltitude":true,
    "engineSize":2.5,
    //引擎尺寸
    "engineOffset":4,
    //引擎偏移
    "armor":3,
    //护甲
    "targetFlags":["generator"]//ai攻击目标
    "research":"特种飞机工厂",
	"weapons":[
	    		{
			"name":"烈空机炮",
			//武器贴图的名字
			"top":false,
			"mirror":true,
			"alternate":true,
			"x":-2.6,
			"y":0,
			"shootSound":"missile",
			"reload":20,
			"recoil":0,
			//后坐力
			"bullet":{
				"damage":8,
				"splashDamage":13,
                //范围伤害
                "splashDamageRadius":12,
                //范围伤害半径(8:1)
                "status":"blasted",
                "width":4,
                //子弹宽度
                "height":12,
                //子弹长度
				"speed":5,
				"hitEffect":"flakExplosion",
				"lifetime":30,
    			"type":"MissileBulletType"
    			//导弹的type
    			"homingPower":6,
    			//追踪力度
    			"trailChance":0.4
    			//尾迹产生频率
				}
		},
		{
            "name":"烈空机炮",
            "y":0,
            "x":-2.6,
            "shootY":3,
            "reload":9,
            //射速
            	"mirror":true,
            "alternate":true,
            "recoil":0,
            "reload":30,
            //后坐力
            "shake":0,
            //屏幕摇晃
            "shootSound": "shoot",
            "rotate":false,
            "top":false,
            "bullet": {
                "type": "BasicBulletType",
                "damage":15,
                "width":8,
                //子弹宽度
                "height":12,
                //子弹长度
                "lifetime":30,
                //子弹存在时间
                "speed":6,
                //子弹飞行速度
                "shootEffect": "shootSmallSmoke",
                }
            }
        ]
}