{
	"name":"浓缩能量流体",
	"description":"高浓度的能量流体，单位碰到直接嗜血"
	// "cells": 4,
	// "spreadTarget": "精油",
	// "maxSpread": 0.5,
	// "spreadConversion": 0.5,
	// "spreadDamage": 0.1,
	"color":"#ffce00",
	"barColor":"#bf9a00",
	"lightColor":"#ffe67c",
	"incinerable": false,//可燃
	"flammability":0,//燃烧性
	"temperature":0.12,//液体温度
	"heatCapacity":3,//比热容
	"viscosity":0.8,//粘稠度
	"explosiveness":0//爆炸性
	"effect":"嗜血"
	//"research":"固态能"
			"research": {
		"parent": "能量流体",
		"objectives": [
        "浓缩能量流体",
    ],
	},
}