{
"type":"GenericCrafter",
	//GenericSmelter已经删除，需要加-top贴图的需要以下结构:
	"drawer":{
		"type":"DrawMulti",
		"drawers":[
			{
				"type":"DrawDefault"
			},
			{
				"type":"DrawFlame",
				//这个type允许使用-top贴图并且拥有火焰动画
				}
				]
				}
	"name":"大型玻璃烧制厂",
	"outputItem":"有机玻璃/3",
	"itemCapacity":20,
	"health":830,
	"craftTime":100,
	"description":"使用更好的技术，更高效地制作有机玻璃……"
	"size":3,
	"consumes":{
		"liquid": 
	{"liquid": "water", "amount": 0.25}
			 "power":5,
		"items":{
			"items":[
				"锂/5",
			]
		}
	}
	"requirements":[
		"纯硅晶/40",
		"铝钢/65"
		"废晶/25",	
		"塑胶/15",	
	]
	"research":"有机玻璃机",
	"category":"crafting"
}