{
	"type": "AttributeCrafter",
	"name": "废渣粉碎机",
	"description": "",
	"health":250,
	"itemCapacity":10,
	"outputItem": {"item": "废渣","amount":3 },
	"size":2,
	"hasPower": true,
	"hasItems": true,
	"craftTime":20,
	"consumes": {
		"power":0.6,
		"items": {
			"items": [
				{ "item": "铝", "amount":1},
				{ "item": "锂", "amount":1},
			]
		}
	},
	"requirements": [
		"铝/75",
		"锂/80"
		"粗硅晶/60"
	],
				"drawer":{
        "type":"DrawMulti",
        "drawers":[
            "DrawDefault",
            "DrawFlame"
            ]
    },
	"category": "crafting",
	"research": "废晶合成机",
	"idleSound": "respawning",
	"idleSoundVolume": 0.4
}
