{
  "type": "GenericCrafter"
	"name": "废晶转化器",
	"description": "使用高维能量合成废晶，废料就从空气中来吧",
	"size": 2,
		"craftTime":60,
	"health":330,
	"hasPower": true,
	"hasLiquids": false,
	"hasItems": true,
	"outputsLiquid": false,
	 "outputItem":"废晶/8",
	"itemCapacity": 30,
		 "consumes":{
		 "power":15,
		"items":{
			 "items":[
				 "固态能/5",
				//"废渣/7",
			 ]
		 }
	 }
	 //"craftEffect":"pulverizeMedium"
    "updateEffect":	{
    	"type": "multiEffect",
			"lifetime": 60,
			"effects": [	
   	{
   	"type": "ParticleEffect",
    "particles": 3,
    "sizeFrom": 1,"sizeTo": 0,
    "length": 5,
    "baseLength":10,
    "lifetime": 0,
   // "region":"合晶工业-天景1"
    "colorFrom": "9B928BFF",
    "colorTo": "ffffff",
    "cone": 360
    },
            ],
            },
    "requirements": [
    { "item": "金", "amount": 260 },
	{ "item": "铀","amount": 250},
	{ "item": "纯硅晶","amount": 100},
	{ "item": "赤金","amount": 80}
	"初代合晶/120"
	],
	"category": "crafting",
	"research": {
		"parent": "二级废晶化合机",
		"objectives": [
      {
				"type": "SectorComplete",
				"preset": "凌卫二"
			},
       // "硅提纯机",
    ],
	},
}