{
"type":"GenericCrafter",
	//GenericSmelter已经删除，需要加-top贴图的需要以下结构:
	"drawer":{
		"type":"DrawMulti",
		"drawers":[
			{
				"type":"DrawDefault"
			},
			{
				"type":"DrawFlame",
				//这个type允许使用-top贴图并且拥有火焰动画
				}
				]
				}
	"name":"提纯坩埚",
 "outputItem":"纯硅晶/4",
	"itemCapacity":20,
	"health":160,
	"craftTime":40,
	"description":"用磷代替碳单质，在高温下加工纯硅晶"
	"size":2,
	 "consumes":{
		 "power":3.5,
		"items":{
			 "items":[
				 "粗硅晶/6",
				"磷/2",
			 ]
		 }
	 }
	"requirements":[
		"锡/175",
		"铝钢/80"
		"纯硅晶/110"
			"废晶/60"
	]
		"research": {
		"parent": "硅提纯机",
	},
	"category":"crafting"
}