{
//"type": "multicraft.MultiCrafter"
	"name": "晶体工厂",
	"description": "以矿渣的热量辅以碳单质，可同时生产两种晶体。",
	"health":750,
	"itemCapacity":20,
	    "liquidCapacity":40,
	//"outputItem": {"item": "铁锭","amount":2 },
	"size":2,
	"hasPower": true,
	"hasItems": true,
		"hasLiquids":true,
	//"craftTime":30,
	"requirements": [
		{ "item": "铝", "amount":135 },
		{ "item": "锂", "amount":175 }
			{ "item": "锡", "amount":265 }
			{ "item": "纯硅晶", "amount":150 }	
					{ "item": "铝钢", "amount":60 }	
	],
			"drawer":{
		"type":"DrawMulti",
		"drawers":[
			{
				"type":"DrawDefault"
			}
				{
				 "type":"DrawLiquidRegion",
				//这个type允许使用-liquid贴图
				 "drawLiquid":"slag"
				// //-liquid贴图选用的液体颜色
			 },
			{
				"type":"DrawFlame",
				//这个type允许使用-top贴图并且拥有火焰动画
				}
				]
				}
	"category": "crafting",
	"research": "粗制坩埚",
}
