{
	//"type": "GenericCrafter",
	"name": "次代合晶工厂",
	"description": "制造次代合晶。",
	"health":1850,
	"itemCapacity":20,
	    "liquidCapacity":30,
	"outputItem": {"item": "次代合晶","amount":1},
	"size":3,
	"hasPower": true,
	"hasItems": true,
	  "hasLiquids": true,
	"craftTime":90,
	"consumes": {
		"power":6,
			"liquid": 
	{"liquid": "能量流体", "amount": 0.3}
		"items": {
			"items": [
		
				{ "item": "赤金", "amount":4},
				{ "item": "金辉合金", "amount":3},
				{ "item": "固态能", "amount":4},
			{ "item": "初代合晶", "amount":2},		
			]
		}
	},
	"requirements": [
		{ "item": "纯硅晶", "amount":255 },
		{ "item": "废晶", "amount":85 }
		{ "item": "固态能", "amount":40 }
		{ "item": "初代合晶", "amount":250 }	
		{ "item": "赤金", "amount":100 }	
	],
			"drawer":{
		"type":"DrawMulti",
		"drawers":[
			{
				"type":"DrawDefault"
			}
				
			{
				"type":"DrawFlame",
				//这个type允许使用-top贴图并且拥有火焰动画
				}
				]
				}
	"category": "crafting",
	"research": "初代合晶工厂",
}
