{

//copper 铜 lead 铅 coal 煤 spore-pod 孢子荚
//graphite 石墨 silicon 硅 titanium 钛 thorium 钍
//plastanium 塑钢 surge-alloy 巨浪合金 phase-fabric 相织布
//pyratite 硫 blast-compound 爆炸混合物 metaglass 钢化玻璃

	"type":"Separator",
	//如果将type改为GenericSmelter则需要一个后缀-top的发热贴图
	"name":"混离机",
	"itemCapacity":15,
	"liquidCapacity":20,
	"hasItems":true,
	//允许进入物资
	"hasLiquids":true,
	//允许进入液体
	"hasPower":true,
	//允许并入电网
	"outputsLiquid": true,
	//显示内部液体
	"spinnerSpeed":4,
	//转子转速
	"health": 300,
	"description":"从矿渣液中提炼铁和其它资源。\n主要是铝。"
	"size":2,
	"craftTime": 22,
	//生产时间60:1
	"results":["粗硅晶/2","铝/4","锡/1"],
	//出货比例
	"consumes":{
		//耗电公式为：1=60
		"power":0.65,
		"liquid": {
	   "liquid": "slag", "amount": 0.0666667
	   }
	}
	"drawer"://特效
	{
	"type":"DrawMulti"
	"drawers":[
    "DrawDefault",
    {"type":"DrawLiquidRegion",
    "drawLiquid":"slag"
    }
    {"type":"DrawRegion",
    "suffix":"-spinner"
    "rotateSpeed":5
    }
    ]}
	"requirements":[
		"铝/40",
		"粗硅晶/40"
		"锡/40"
		"有机玻璃/40"
	],
	"research":"硅提纯机",
	//科技树中位于高炉的后面
	"category":"crafting"
	//在建筑菜单中位于工厂子页面
	//turret 炮塔子页面 production 钻头子页面 
	//defense 墙子页面 power 电力子页面
	//logic 逻辑子页面 units 单位子页面
	//liquid 液体子页面 distribution 传送带子页面
	//effect 修复仪子页面
}