{
	//"type": "GenericCrafter",
	"name": "终代合晶工厂",
	"description": "制造终代合晶。\n贴图来自没有炮台的炮台S，非常感谢",
	"health":9850,
	"itemCapacity":1500,
	    "liquidCapacity":120,
	"outputItem": {"item": "终代合晶","amount":1},
	"size":5,
	"hasPower": true,
	"hasItems": true,
	  "hasLiquids": true,
	"craftTime":1200,
	"consumes": {
		"power":80,
			"liquid": 
	{"liquid": "浓缩能量流体", "amount": 1}
		"items": {
			"items": [
		
		{ "item": "超代合晶", "amount":120},
		{ "item": "金辉合金", "amount":400},
		{ "item": "凝能晶", "amount":450},
		{ "item": "初代合晶", "amount":650},
	    { "item": "赤金", "amount":700},		
	    { "item": "次代合晶", "amount":200},	
	    { "item": "塑胶", "amount":700},		
			]
		}
	},
	"requirements": [
		{ "item": "金辉合金", "amount":800},
		{ "item": "凝能晶", "amount":750},
		{ "item": "初代合晶", "amount":650},
	    { "item": "赤金", "amount":1200},		
	    { "item": "次代合晶", "amount":200},	
	    { "item": "塑胶", "amount":700},		
	   	{ "item": "超代合晶", "amount":80},
	],
			"drawer":{
		"type":"DrawMulti",
		"drawers":[
		{
	       "type":"DrawLiquidTile",
	    "drawLiquid":"浓缩能量流体"
	    },
			{
				"type":"DrawDefault"
			}
				
			{
				"type":"DrawFlame",
				//这个type允许使用-top贴图并且拥有火焰动画
				}
			
				]
				}
					"updateEffect": {
				"type": "multiEffect",
			"lifetime": 60,
			"effects": [	
   	{
   	"type": "ParticleEffect",
    "particles": 12,
    "sizeFrom": 4,"sizeTo": 0,
    "length": 40,
    "baseLength":60,
    "lifetime": 60,
   // "region":"合晶工业-天景1"
    "colorFrom": "AC00FFFF",
    "colorTo": "ffffff",
    "cone": 360
    },
    	{
            "type": "WaveEffect"
            "sizeFrom": 120
            "sizeTo": 0
            "lifetime":60
            "sides":4
            "colorFrom": "AC00FFFF"
            "colorTo": "AC00FFFF"
            "strokeFrom":4
            "strokeTo": 0
            }
            ],
            },	
	"category": "crafting",
	"research": "超代合晶工厂",
}
