{
	"type": "GenericCrafter",
	"name": "能量浓缩机",
	"description": "",
	"outputLiquid": { "liquid": "浓缩能量流体", "amount": 0.2},
"drawer":{
	    "type":"DrawMulti",
	    "drawers":[
	    {
				"type":"DrawLiquidRegion",
				//这个type允许使用-liquid贴图
				"drawLiquid":"能量流体"
				//-liquid贴图选用的液体颜色
			},
	    "DrawDefault"
	    	{"type": "DrawRegion",
	"suffix": "-top"}
	]},
		"health": 1250,
	"size": 3,
	"hasPower": true,
	"hasLiquids": true,
	"hasItems": true,
	"craftTime": 80,
	"itemCapacity": 10,
    "liquidCapacity": 60,
	"consumes": {
    "power":30,
   	"liquid": 
	{"liquid": "能量流体", "amount": 0.4}
    "items": {
	 "items": [
	    { "item": "固态能", "amount": 3},
	     { "item": "凝能晶", "amount": 1}
	]
  }
 },
"requirements": [
	"锂/230"
		{"item": "纯硅晶","amount":120}
		{"item": "塑胶","amount":60}
		{"item": "凝能晶","amount":10}
		{"item": "次代合晶","amount":30}	
		
	],
	"category": "crafting",
	"research": "凝能晶压缩机"
}