{
"name": "能量重压机"
    "craftTime": 120,
    	"health": 1420,
    "size": 3,
    "hasLiquids": false,
    "hasPower": true,
    "hasItems": true,
    	"maxBoost":5,
	//提升效率上限
  //  "drawer":"DrawCultivator",
	"requirements":[
		"金/80",
		"初代合晶/65"
		"凝能晶/30",
		"次代合晶/15",	
	]
	"description":"使用合晶科技,高效制作固态能"
		//"liquidCapacity":36,
	"consumes":{
			 "power":30,
	}
	"drawer":{
		"type":"DrawMulti",
		"drawers":[
			{
				"type":"DrawDefault"
			},
			{
				"type":"DrawFlame",
				//这个type允许使用-top贴图并且拥有火焰动画
				}
				]
				}
    "outputItem": {
    "item": "固态能", "amount": 2 },
	"attribute": "地能",
    "type": "AttributeCrafter",
//	"research":"铝钢工厂",
			"research": {
		"parent": "能量压缩机",
		"objectives": [
      {
				"type": "SectorComplete",
				"preset": "暗流"
			},
    ],
	},
	
	"category":"crafting"
	"idleSound": "machine",
	"idleSoundVolume": 0.2}