{
"type": "GenericCrafter"
	"name": "金辉轰击厂",
	"description": "使用铝钢，废晶，赤金，固态能合成金辉合金",
	"health":880,
	"itemCapacity":20,
	"outputItem": {"item": "金辉合金","amount":1 },
	"size":3,
	"hasPower": true,
	"hasItems": true,
	"craftTime":90,
	"updateEffect": "smeltsmoke",
	"consumes": {
		"power":5,
		"items": {
			"items": [
				{ "item": "铝钢", "amount":4 },
				{ "item": "废晶", "amount":4 },
				{ "item": "赤金", "amount":3},
				{ "item": "固态能", "amount":2}
			]
		}
	},
	"requirements": [
		{ "item": "铝", "amount":280 },
		{ "item": "金", "amount":80 },
		{ "item": "铀", "amount":70 },
		{ "item": "废晶", "amount":80 },
		{ "item": "铝钢", "amount":150 },
		{ "item": "纯硅晶", "amount":80 },
			{ "item": "固态能", "amount":10 },
	],
				"drawer":{
        "type":"DrawMulti",
        "drawers":[
            "DrawDefault",
            "DrawFlame"
            ]
    },
	"category": "crafting",
	"research": "能量压缩机",
	"idleSound": "respawning",
	"idleSoundVolume": 0.2
}
/*        a.drawer = new DrawMulti(new DrawDefault(), new DrawFlame(Color.valueOf("ffef99")),);
        a.flameColor = Color.valueOf("ffc099");