{
"type":"GenericCrafter",
	//GenericSmelter已经删除，需要加-top贴图的需要以下结构:
	"drawer":{
		"type":"DrawMulti",
		"drawers":[
			{
				"type":"DrawDefault"
			}
				{
				"type":"DrawLiquidRegion",
				//这个type允许使用-liquid贴图
				"drawLiquid":"water"
				//-liquid贴图选用的液体颜色
			},
			{
				"type":"DrawFlame",
				//这个type允许使用-top贴图并且拥有火焰动画
				}
				]
				}
	"name":"铝钢工厂",
 "outputItem":"铝钢/2",
	"itemCapacity":10,
		"hasItems":true,
			"hasLiquids":true,
	//允许进入液体
	"hasPower":true,
	//允许并入电网
	"health":160,
	"craftTime":80,
	"description":"把铝与锡用水调和……"
	"size":2,
	 "consumes":{
		 "power":2,
		 	"liquid":{
		    "liquid":"water"
		    "amount":0.1,
		}
		"items":{
			 "items":[
				 "铝/3",
				"锡/2",
			 ]
		 }
	 }
	"requirements":[
		"铝/85",
		"锂/70"
		"粗硅晶/40"
			"锡/60"
	]
		"research": {
		"parent": "硅提纯机",
		"objectives": [
      {
				"type": "SectorComplete",
				"preset": "河滩"
			},
    ],
	},
	"category":"crafting"
}