{
//"type": "GenericCrafter"
	"name": "高效金辉合金工厂",
	"description": "采用合晶科技，使用高能量物质提高生产效率",
	"health":3000,
	"itemCapacity":40,
	"outputItem": {"item": "金辉合金","amount":5 },
	"size":4,
	"hasPower": true,
	"hasItems": true,
	"craftTime":60,
	"updateEffect": "smeltsmoke",
	"consumes": {
		"power":20,
	
		"items": {
			"items": [
				{ "item": "铝钢", "amount":8 },
				{ "item": "废晶", "amount":6 },
				{ "item": "赤金", "amount":6},
				{ "item": "固态能", "amount":6}
			]
		}
	},
	"requirements": [
		{ "item": "铝", "amount":2000 },
		{ "item": "赤金", "amount":800 },
		{ "item": "铀", "amount":1200 },
		{ "item": "废晶", "amount":1200 },
		{ "item": "铝钢", "amount":1500 },
		{ "item": "次代合晶", "amount":200 },
			{ "item": "凝能晶", "amount":200 },
	],
				"drawer":{
        "type":"DrawMulti",
        "drawers":[
            "DrawDefault",
            "DrawFlame"
            ]
    },
	"category": "crafting",
	"research": "金辉轰击厂",
	"idleSound": "respawning",
	"idleSoundVolume": 0.2
}
/*        a.drawer = new DrawMulti(new DrawDefault(), new DrawFlame(Color.valueOf("ffef99")),);
        a.flameColor = Color.valueOf("ffc099");