{
	"type": "Reconstructor",
	"name": "T2重构工厂",
	"description": "从T1升到T2",
    "health":380,
	"size":3,
		"buildCostMultiplier":0.75
			"consumes":{
				"power":3.8
	"items": {	
	"items": [
		{ "item": "锂", "amount":60 },
		{ "item": "粗硅晶", "amount":50}
		]
		}
		},
	"upgrades":[
		["初甲","次甲"],
		["爬行者","毒蜢"],
		["烛火","电流"],
		["烈空","垠天"],
		["Lv1挖矿机","Lv2挖矿机"],
		["溪鲫","河豚"],	
		["暗蚪","潜虾"],	
    ],
	"constructTime":1200,
	"requirements": [{ "item": "铝", "amount":200 },
		{ "item": "锂", "amount":120 },
		{ "item": "粗硅晶", "amount":90}],
	"category":"units",
	"buildVisibility":"shown",
	"research": {
		"parent": "特种陆军工厂",
		"objectives": [
      {
				"type": "SectorComplete",
				"preset": "培养区"
			},
    ],
	},
}