{
	"type": "Reconstructor",
	"name": "T5重构工厂",
	"description": "从T4升到T5",
    "health":13000,
	"size":9,
		  "hasLiquids": true,
	   "liquidCapacity": 600,
		"buildCostMultiplier":0.75
			"consumes":{
				"power":35
						"liquid":{
			"liquid":"能量流体",
			"amount":2
		}
	"items": {	
	"items": [
		{ "item": "纯硅晶", "amount":1300 },
		{ "item": "废晶", "amount":800}
		{ "item": "赤金", "amount":600}
		{ "item": "铀", "amount":800}
		{ "item": "金辉合金", "amount":600}
		]
		}
		},
	"upgrades":[
		["超甲","终甲"],
		 ["血蝗","冥界"],
		["电离","电辉"],
		 ["宇空","宙斯"],
		 ["Lv4挖矿机","Lv5挖矿机"],
		["虎鲨","雷章"],	
		["鹦鹉螺","龙帝"],	
    ],
	"constructTime":25000,
	"requirements": [{ "item": "粗硅晶", "amount":2500 },
		{ "item": "塑胶", "amount":1800 },
		{ "item": "纯硅晶", "amount":3000}
		{ "item": "铀", "amount":2000}
		{ "item": "赤金", "amount":2000}
		{ "item": "金辉合金", "amount":800}
		],
	"category":"units",
	"buildVisibility":"shown",
	"research": {
		"parent": "T4重构工厂",
				"objectives": [
      {
				"type": "SectorComplete",
				"preset": "穿越ll型"
			},
    ],
	},
}