{
	"type": "RepairTurret",
	"category":"units",
	"name": "单位修复塔",
	"description": "对修复范围内有损伤的友方单位进行修复。",

	"research": {
	"parent": "维修点",
	"objectives": [
	{
	"type": "SectorComplete",
	"preset": "狭窄基地"
	},
	]
		},

	"requirements": [
	"锡/90",
	"纯硅晶/60",
	"铝钢/40"
	"金/80"
	],

	"powerUse":8,

	"health":900,
	"size":2,
	"liquidCapacity":30,
	"length":6,
	"repairSpeed":5.67777777,
	"repairRadius":180,
	"beamWidth":1,
	"pulseRadius":2,
	"coolantUse":0.16,
	"coolantMultiplier":1.6,
	"acceptCoolant":true,
	"squareSprite": false,
}