{
// "type": "UnitFactory",
"name": "特种陆军工厂",
	"description": "生产陆军……",
    "health":350,
	"size":3,
	"consumes":{
		"power":2
	},
	"plans":[
			{ "unit": "初甲", "time": 1500,
			"requirements": [ 
            { "item": "锂", "amount": 30},
			{ "item": "粗硅晶", "amount": 30},
			]
	},
		{ "unit": "爬行者", "time": 1000,
			"requirements": [ 
            { "item": "碳单质", "amount": 10},
			{ "item": "粗硅晶", "amount": 20},
			]
	},
	{ "unit": "烛火", "time": 2000,
			"requirements": [ 
            { "item": "锂", "amount": 30},
			{ "item": "粗硅晶", "amount": 30}
			{ "item": "锡", "amount": 40},
			]
	},
	],
	"requirements": [
            { "item": "铝", "amount": 120},
            { "item": "锂", "amount": 150},
			{ "item": "粗硅晶", "amount": 60},
		],
	"category":"units",
	"research": "基础核心"
}