{
	"name":"维修点"
	"type": "RepairTower",
		"description":"修复范围内的所有单位。"
	"size":1,
	"armor":1
	"health":200,
	"itemCapacity":0,
	"liquidCapacity":10,
	"consumes": {
		"power":2,
		// "coolant":{
		    // "amount":0.1,
		// }
	},
	"range":100,
	//范围(8:1)
	"healAmount":0.6,
	//每帧治疗量
	"circleColor":"0091FFFF",
	//命中单位身上那部分的颜色
	"glowColor":"0091FFFF",
	//发光颜色
	"circleSpeed":140,
	//速度
	"circleStroke":2,
	//粗细
	"squareRad":2,
	//大小
	"squareSpinScl":1.2,
	//转速
	"glowMag":0.5,
	//幅度
	"glowScl":12,
	//频率
	"requirements": [
	    "铝/60",
	    "粗硅晶/60",
	    "有机玻璃/50"
	],
	"category": "units",
	"research": "修理器"
}