{
    "type":"missile",
    "controller": "MissileAI",//ai
    //"template": "MissileUnitType",
    "flying":"true"
    "maxRange":15
	"lowAltitude": false,
	"speed": 5,//飞行速度
	"deathExplosionEffect":"none",//爆炸特效
	"flying": true,//可以飞行
	"rotateSpeed": 6,//转头速度
	"lifetime": 300,//存在时间,1/帧
	"homingDelay":10,//跟踪延迟
	"playerControllable": false,//玩家可以操控
	"hidden": true,//隐藏单位
	"health": 70,//血量
	"hitSize": 12,//大小
	"createWreck": false,//可以击落
	"createScorch": false,//可以燃烧
	"useUnitCap":false,//占用人口
	"itemCapacity":0,//物品容量
	"circleTarget":true//环形攻击路径
	"engineSize":1,//引擎尺寸
    "engineOffset":7,//引擎偏移
    "armor":5,//护甲
       "pierce":true,
          "pierceBuilding":true,
		"abilities": [
/*	{
   			"type": "UnitSpawnAbility",
    		"unit": "天甲导弹",
    		//单位类型
    		"spawnX":0,
    		//出生位置(x)
		    "spawnY":0,
		    //出生位置(y)
    		"spawnTime":300,
    		//出生时间
  		},	*/
		{
  		    "type":"EnergyFieldAbility",
  		    "status":"短路",
  		    "reload":12,
  		    //攻击间隔
  		    "maxTargets":5,
  		    //最大目标1:1
  		    "range":150,
  		    "damage":80,
  		    "healPercent":0,
  		    //恢复百分比
  		    "color":"#71ffff",
  		    //本体颜色
  		   "hitEffect":{"type": "ParticleEffect",
    "particles": 1,
    "sizeFrom": 1,
    "sizeTo": 0,
    "line":true,
    "length": 15,
    "baseLength": 0,
    "lifetime": 25,
    "colorFrom": "#71ffff",
    "colorTo": "#71ffff",
    "cone": 2},
  		    "damageEffect":"none"
  		    "healEffect":"none"
  		    "effectRadius":1,
  		    //尺寸
  		    "targetAir":true,
  		    //碰撞空气
  		    "hitBuildings":true,
  		    //命中建筑物
  		    "targetGround":true,
  		    //碰撞地面
  		    "hitUnits":true,
  		    //攻击单位
  		    "x":0,
  		    "y":0,
  		}
	]
}