{
	"type": "missile",
	"template": "MissileUnitType",
	"health":1000,
	"armor":5
	"hitSize": 11,
	"speed":7,
	"lifetime":400,
	"maxRange": 25,
	"rotateSpeed":20,
	"missileAccelTime": 90,
	"engineColor": "212121",
	"trailColor": "212121",
	"engineLayer": 110,
	"engineOffset": 13,
	"engineSize": 2.3,
	"trailLength": 14,
	"hidden":true,
	"lowAltitude": true,
	"weapons": [
		{
			"mirror": false,
			"shootCone": 360,
			"shootOnDeath": true,
			"shootSound": "none",
			"bullet": {
				"type": "ExplosionBulletType",
				"makeFire":false,
				//制造火焰
				"status":"shocked",
				"statusDuration":600
				"knockback":2,
				//击退
				"splashDamageRadius":40,
				"splashDamage":1200,
				"hitEffect": {
					"type": "multiEffect",
					"effects": [
						{
							"type": "WaveEffect",
							"lifetime":70,
							"sizeFrom": 0,
							"sizeTo":200,
							"strokeFrom":15,
							"strokeTo": 0,
							"colorFrom": "6F80E8FF",
							"colorTo": "fffffff"
						},
					{
"type": "ParticleEffect",
"particles": 50,
"sizeFrom": 10,
"sizeTo": 0,
"length": 300,
"baseLength": 50,
"lifetime": 120,
"colorFrom": "6F80E8FF",
"colorTo": "6F80E8FF",
"cone": 60
}
					]
				}
			}
		}
	],
	"abilities": [
		{
			"type": "MoveEffectAbility",
			"y": -4,
			"interval": 2,
			"rotation": 180,
			"rotateEffect": true,
			"effect": {
				"type": "ParticleEffect",
				"particles": 3,
				"sizeFrom": 3,
				"sizeTo": 1,
				"length": 30,
				"lifetime": 30,
				"lightOpacity": 0,
				"interp": "circleOut",
				"sizeInterp": "pow5In",
				"colorFrom": "6F80E8FF",
				"colorTo": "5757C1FF",
				"cone": 9
			}
		}
	]
}