{
	"name":"Boss",
	"description":""
	"hitSize":5,
	//碰撞箱
    "rotateSpeed":10,
    //转身速度
           "drawCell": false,
    "itemCapacity":0,
        "defaultController": "DefenderAI",
        // "circleTarget":false,
    //物品容量
    "canDrown":false,
    //能否被淹死
    "buildSpeed":0,
    //建筑速率
    	// "details":"目标建筑：仓库。"
   // "type":"flying",
    //空军
   // "forceMultiTarget" :true
    "flying":true,
    //是否飞行
    "speed":2,
    //移速

    "health":10000,
    "lowAltitude":true,
    "engineSize":1,
    //引擎尺寸
    "engineOffset":1,
    //引擎偏移
    "armor":100,
    //护甲
    // "research":"垠天",
       "weapons":[
        {
            "type":"RepairBeamWeapon",
            "name":"",
            "y":0,
            "x":0,
            "shootY":7,
            "reload":20,
            //射速
            "recoil":0,
            //后坐力
            "beamWidth":0.2,
            //激光宽度
            "repairSpeed":3,
            //修理速度
            "fractionRepairSpeed":0.05,
            //分段修理速度
            "shootCone":15,
            "targetUnits":true,
            //目标单位
            "targetBuildings":true,
            //目标建筑
            "autoTarget":true,
            //自动锁定目标
            "controllable":false,
            //可控
            "laserColor":"FF0000FF",
            //激光颜色
            "healColor":"FF0000FF",
            //修复颜色
            "shake":0,
            "rotate":false,
            "top":false,
            "mirror":false,
            "bullet": {
                "damage":10,
                "maxRange":120,
                }
            },
        ]
            "abilities": [
            	{
            "type": "StatusFieldAbility"
            "activeEffect":{
		        "type": "WaveEffect"
		        "lifetime":30
		        "sizeFrom":0
		        "sizeTo":0
		        "colorFrom": "FF0000FF"
		        "colorTo": "FF0000FF"
            },
        "effect":"boss",
        "range":400,
        "reload":100,
        "duration":3600,
        }
], 
}