{
	// "type": "legs",
	"name": "电辉",
	"description": "强力激光束对敌人造成严重破坏\n为临近的友方单位提供强化。\n能跨越大多数地形。",
	"legSplashDamage":220,
    "legSplashRange":18,
	"legCount": 4
	"legExtension":-8,
	"legBaseOffset":11,
	"legLength": 14,
	"legForwardScl": 0.58,
	"stepShake":0.77,
    "buildSpeed": 8.5,
	"buildBeamOffset":24,
	"rippleScale":1,
    "hovering":true,
	"allowLegStep": true,
	"canBoost": false,
    // "range":480,
    /*
                hitSize = 29f;
            health = 18000f;
            armor = 9f;
            stepShake = 1.5f;
            rotateSpeed = 1.5f;
            drownTimeMultiplier = 6f;

            legCount = 4;
            legLength = 14f;
            legBaseOffset = 11f;
            legMoveSpace = 1.5f;
            legForwardScl = 0.58f;
            hovering = true;
            shadowElevation = 0.2f;
            ammoType = new PowerAmmoType(4000);
            groundLayer = Layer.legUnit;

            speed = 0.3f;

            drawShields = false;
            */
    "immunities":["burning"],
    "ammoType": {
        "type": "PowerAmmoType",
        "totalPower": 5000
      },
      "abilities": [
      {
			"type": "ForceFieldAbility",
    		"radius":82,
    		//范围
    		"regen":2,
    		//每帧盾容回复量
    		"max":4400,
    		//盾容
    		"cooldown":320
    		//被击破后的冷却(8/1s)
		},
     	{
            "type": "StatusFieldAbility"
            "activeEffect":{
		        "type": "WaveEffect"
		        "lifetime":90
		        "sizeFrom":30
		        "sizeTo":0
		        "colorFrom": "#ffff00"
		        "colorTo": "#ffff00"
            },
        "effect":"overclock",
        "range":800,
        "reload":600,
        "duration":1200,
        }
        ],
    "speed": 0.3,
    "hitSize": 42,
    "health": 75000,
    "armor": 25,
    "rotateSpeed": 0.8,
    "faceTarget": true,
    "singleTarget":true,
	"research": "电离",
	"weapons":[
	{
        "name":"电辉",
        "shootSound":"laserblast",
        "chargeSound":"lasercharge",
        "top":false,
        "mirror":false,
        "shake":14,
        "x":0,"y":0,
        "shootY":5,
        "reload":600,
        "recoil":0,
        "cooldownTime":380,
        "shootStatusDuration":180,
        "shootStatus":"unmoving",
        "shoot":{
            "type":"ShootPattern",
            "firstShotDelay":60
        },
    "bullet":{
        "type":"LaserBulletType",
        "length":600,
        "damage":3850,
        "splashDamage":850,
        "splashDamageRadius":40,
        "width":75,
        "lifetime":200,
        "lightningColor":"#ffff00",
        "lightningSpacing":32,
        "lightningLength":15,
        "lightningDelay":1.5,
        "lightningLengthRand":15,
        "lightningDamage":280,
        "lightningAngleRand":40,
        "largeHit":true,
        "colors":["#ffff00", "#ffff00", "FFFFFF"],
        "chargeEffect":"greenLaserCharge",
        "healPercent":33,
        "collidesTeam":true
    }}
      
    
    ]
}
