{
    "speed":0.67,
    "hitSize":23,
    "name": "脉冲",
    "health": 3280,
    "description":"发射激光与闪电的地面单位……",
    "itemCapacity":40,
    "armor":10,
            "canBoost":true,
    //能否使用推进器飞行
     "landShake":1,
    // //着陆震动
    "riseSpeed":2,
    // //双腿收起速度
     "engineSize":4,
    // //引擎尺寸
     "engineOffset":4,
    // //引擎偏移
     "boostMultiplier":1.75,
    // //飞行速度
    //"type": "mech",
     	  "immunities":[
        "burning",
        ],
	"research": {
		"parent": "电流",
		"objectives": [
      {
				"type": "SectorComplete",
				"preset": "冰谷"
			},
    ],
	},
    "weapons": [
	{	"name": "电流闪电",
		"reload": 40, 
		"shootY": 9,
        "x": 6,   "y": 0,
        "shoot":{
            "type":"ShootSpread",
            "shots":5
        },
		"shake":2.2,"recoil":2.5,
		"top":false,
		"shootSound": "spark",
		"alternate": true,
		"bullet":{
    "type":"LightningBulletType",
    "damage":50,
    "lightningColor":"#ffff00",
    "hitColor":"#ffff00",
    "lightningLength":18,
    "lightningLengthRand":10,
    "shootEffect":"shootHeal",
    "smokeEffect":"shootHeal",
    "healPercent":3,
      "collidesAir":true,
      "collidesGround": true,
      "collidesTeam":true,
    "hitEffect":"hitLancer",
    "despawnEffect":"none",
    "status":"shocked",
    "statusDuration":30
	}	}
		{	"name": "脉冲激光",	
		"reload": 60,
        "x": 7,  "y": -1, 
        "rotate": false,
		"top":false,
		"recoil":4,
        "inaccuracy": 0,   
		"alternate": true,  
		"shootSound":"laser",
		"shake":2,
		"bullet":{
"type": "LaserBulletType",	
"healPercent":4,
"recoil":1,
"damage":125,
      "collidesAir":true,
      "collidesGround": true,
      "collidesTeam":true,
"laserAbsorb":true,
"shootEffect": "bigShockwave",
"sideAngle":35,
"sideWidth":1,
"sideLength":70,
"colors":["#ffff00", "#ffff00", "#ffff00"],
"width":16,	 "length":224	}	}
    ]
            	"abilities":[
    		{
			"type": "ForceFieldAbility",
    		"radius":42,
    		//范围
    		"regen":0.5,
    		//每帧盾容回复量
    		"max":1200,
    		//盾容
    		"cooldown":220
    		//被击破后的冷却(8/1s)
		},
		{
            "type":"RepairFieldAbility"
            "amount":140
            //再生值
            "reload":600
            //重载时间60:1
            "range":100
            //范围8:1
            "activeEffect":{
	            "type":"WaveEffect"
		        "lifetime":20,
		        "sizeFrom":0
		        //从多大
		        "sizeTo":20
		        //到多大
		        "strokeFrom":4,
		        //从多宽
		        "strokeTo": 0,
		        //到多宽
		        "colorFrom":"#ffff00"
		        "colorTo":"#ffff00"
            },
        }
	// {"type":"ShieldRegenFieldAbility",//护盾再生场
	// "amount":30//再生值
	// "max":200
	// "reload":300//间隔时间（帧）
	// "range":44//范围
	// }
	],
}