{
    "type": "Floor",
    "name": "能量流体地板",
    "speedMultiplier":0.5,
 //   "drownTime":300,
    //溺水时间
    "variants":0,
    "status":"overdrive",
    "statusDuration": 600,
    "cacheLayer": "water",
    "albedo": 0.9,
    //反照率
    "isLiquid": true,
    "liquidDrop": "能量流体",
    "liquidMultiplier": 0.3,
    "placeableOn":true,
    //是否能放置方块
       "attributes":
    {
        "heat":0,
        //地热度
        "spores":0,
        //孢子度
        "water":0,
        //潮湿度
        "oil":0,
        //含油度
        "地能":1
    },
    //地板属性
}
