{
    //"type":"legs",
    "name":"血蝗",
    "description":"极限吸血，牛逼。",
    "hitSize":23,
    "hovering":true,
    "drawShields":false,
    "allowLegStep":true,
    "groundLayer":50,
    //高度
    "health":16880,
    "armor":18,
    "speed":0.6,
    "rotateSpeed":5,
    "buildSpeed":0,
    //建筑速度
    "legCount":6,
    //腿数
    "legLength":30,
    //最大腿长
    "legBaseOffset":10,
    //腿根部偏移
    "legExtension":-15,
    //腿部各段长短
    "legMoveSpace":1,
    //腿运动幅度
    "legSplashDamage":80,
    //踩踏范围伤害
    "legSplashRange":20,
    //踩踏范围伤害的范围
    "rippleScale":2,
    //踩踏特效范围
    "legLengthScl":12,
    //腿部最大伸缩
        "ammoType":{
        "type":"PowerAmmoType",
    },
    //弹药类型
    "ammoCapacity":20000,
    //弹药容量
    "research": {
		"parent": "毒狼",
	},
    "drawBody":true,
    //显示身体
	"drawCell":true,
	//是否显示Cell
    "weapons":[
                {
            "name":"毒狼吸血"
            "y":-2,
            "x":2,
            "rotate":true,
            "recoil":2,
            "reload":30,
            "shootSound":"sap",
            "bullet":{
                "type":"SapBulletType",
                "damage":138,
                "knockback":0.3,
                "length":275,
                "sapStrength":0.8,
                "color":"bf92f9",
                "lightColor":"a488eb",
                "shootEffect":"shootLiquid",
                "hitEffect":"hitLiquid",
            }
        },
                        {
            "name":"毒狼吸血"
            "y":-2,
            "x":7,
            "rotate":true,
            "recoil":2,
            "reload":46,
            "shootSound":"sap",
            "bullet":{
                "type":"SapBulletType",
                "damage":128,
                "knockback":0.33,
                "length":275,
                "sapStrength":0.8,
                "color":"bf92f9",
                "lightColor":"a488eb",
                "shootEffect":"shootLiquid",
                "hitEffect":"hitLiquid",
            }
            }
              {
            "name":"毒狼吸血"
            "y":-2,
            "x":10,
            "rotate":true,
            "recoil":2,
            "reload":16,
            "shootSound":"sap",
            "bullet":{
                "type":"SapBulletType",
                "damage":100,
                "knockback":0.83,
                "length":275,
                "sapStrength":0.8,
                "color":"bf92f9",
                "lightColor":"a488eb",
                "shootEffect":"shootLiquid",
                "hitEffect":"hitLiquid",
            }
            }
            {
            "name":"毒狼吸血"
            "y":-2,
            "x":11,
            "rotate":true,
            "recoil":2,
            "reload":16,
            "shootSound":"sap",
            "bullet":{
                "type":"SapBulletType",
                "damage":80,
                "knockback":0.83,
                "length":275,
                "sapStrength":0.8,
                "color":"bf92f9",
                "lightColor":"a488eb",
                "shootEffect":"shootLiquid",
                "hitEffect":"hitLiquid",
            }
            }
            {
            "name":"毒狼吸血"
            "y":-2,
            "x":8,
            "rotate":true,
            "recoil":2,
            "reload":16,
            "shootSound":"sap",
            "bullet":{
                "type":"SapBulletType",
                "damage":60,
                "knockback":0.83,
                "length":275,
                "sapStrength":0.8,
                "color":"bf92f9",
                "lightColor":"a488eb",
                "shootEffect":"shootLiquid",
                "hitEffect":"hitLiquid",
            }
            }
        ],
             "abilities": [
            	{
            "type": "StatusFieldAbility"
            "activeEffect":{
		        "type": "WaveEffect"
		        "lifetime":60
		        "sizeFrom":6
		        "sizeTo":0
		        "colorFrom": "FF0000FF"
		        "colorTo": "FF0000FF"
            },
        "effect":"嗜血",
        "range":200,
        "reload":600,
        "duration":300,
        }
], 
}