{
	"name":"3级合晶墙",
	"description":"保护己方建筑，挡下敌方炮弹。能防激光，弹子弹",
	"type": "ShieldWall",
	"health":80000,
	"size":6,
	"armor":50,
	"hasPower":true
	"group":"walls"
		"insulated":true
	"absorbLasers":true,
	   "deflect" :true,
	       "shieldHealth":30000,
	           "cooldownNormal":2,
	 //  "wallHealthMultiplier":30
    	"chanceDeflect":40,
    	"lightningChance":0.1,
    "lightningDamage":100,	
      "lightningLength":40,
    "lightningLengthRand":18,
    	"consumes": {
		"power": 5
	},
	"requirements": [
	   "赤金/1000"
		"塑胶/800"
		//"铝钢/450"
		"金辉合金/750"
		"初代合晶/600"
	"次代合晶/280"
	"超代合晶/80"
	"凝能晶/360"
	],
	"category": "defense",
	//"research": "赤金墙",
			"research": {
		"parent": "2级合晶墙",
	/*	"objectives": [
      {
				"type": "SectorComplete",
				"preset": "冥域"
			},
    ],*/
	},

}
 /*       shieldedWall = new ShieldWall("shielded-wall"){{
            requirements(Category.defense, ItemStack.with(Items.phaseFabric, 20, Items.surgeAlloy, 12, Items.beryllium, 12));
            consumePower(3f / 60f);

            outputsPower = false;
            hasPower = true;
            consumesPower = true;
            conductivePower = true;

            chanceDeflect = 8f;

            health = 260 * wallHealthMultiplier * 4;
            armor = 15f;
            size = 2;
        }};