{
	"type": "flying",
	"name": "Lv1挖矿机",
	"description": "自动开采铝、锂并运回核心中……",
	"speed":1.5,
    "defaultController": "MinerAI",
	"rotateSpeed":2,
	"flying":true,
	"health":150,
	"armor":2 ,
	"hitSize":10,
	"engineOffset":5,
	"engineSize":2,
	"lowAltitude":true,
	//低空
	//"payloadCapacity":1600,
	//载荷（64为1²格）
	"itemCapacity":30,
	//物品容量
	"mineSpeed":5,
	//挖矿速度
    "mineTier":1,
    //挖矿等级:0沙、废料；1铜、铅；2煤；3钛；4钍
    "mineItems":["铝","锂"],
    //"buildSpeed":0.5,
    //建筑速率
    //"buildBeamOffset":27,
    //建筑波束偏移
   // "immunities":[
       // "基因崩溃",
       // "孢子抑制",
        //"触礁",
      //  ],
    "research":"特种飞机工厂",
}
