{
	"type": "flying",
	"name": "Lv3挖矿机",
	"description": "能挖矿，修理……",
	"speed":4.5,
	"rotateSpeed":2,
	"flying":true,
	"health":4850,
	"armor":4 ,
	"hitSize":20,
	"engineOffset":5,
	"engineSize":2,
	"lowAltitude":true,
	"buildRange": 150,
	//低空
	//"payloadCapacity":1600,
	//载荷（64为1²格）
	"itemCapacity":100,
	//物品容量
	"mineSpeed":8,
	//挖矿速度
    "mineTier":3,
    //挖矿等级:0沙、废料；1铜、铅；2煤；3钛；4钍
    "mineItems":["铝","锂","碳单质","锡"],
    "buildSpeed":2.8,
    //建筑速率
    "buildBeamOffset":3,
    //建筑波束偏移
   // "immunities":[
       // "基因崩溃",
       // "孢子抑制",
        //"触礁",
      //  ],
	"weapons":[
	{	"name": "3",	
		"reload": 25, 
        "x": 5,  "y": 1,  
		"shoot":{
			"shots":2,
			"shotDelay":6},
        "rotate": false,
        "shootY":6,
        "top":false,
        "inaccuracy": 0,
        "alternate": false, 
		"shootSound": "lasershoot",
		"bullet":{	
	"type":"LaserBoltBulletType",
	    "frontColor":"FFFFFF",	
	    "backColor":"97FFA8FF",	
	    "healPercent":6,
	    "damage":15,
	    "collidesTeam":true,
	    "speed":7, "lifetime":24,
	    "width":2,	 "height":8	}	}
	    	{	"name": "3",	
		"reload": 25, 
        "x": 6,  "y": -5,  
		"shoot":{
			"shots":2,
			"shotDelay":6},
        "rotate": false,
        "shootY":6,
        "top":false,
        "inaccuracy": 0,
        "alternate": false, 
		"shootSound": "lasershoot",
		"bullet":{	
	"type":"LaserBoltBulletType",
	    "frontColor":"FFFFFF",	
	    "backColor":"97FFA8FF",	
	    "healPercent":6,
	    "damage":15,
	    "collidesTeam":true,
	    "speed":7, "lifetime":24,
	    "width":2,	 "height":8	}	}
	    ]
    "research":"Lv2挖矿机",
}
