{
	"name":"Lv6挖矿机",
	"description":""
	"hitSize":67,
	//碰撞箱
	// "range": 420,
    "rotateSpeed":1,
    //转身速度
    	//"details":"目标建筑：发电机。"
    "itemCapacity":300,
    //物品容量
    "mass":100000,
    	"itemCapacity":200,
	//物品容量
	"mineSpeed":12,
	//挖矿速度
    "mineTier":8,
    	"mineRange": 250,
   	"buildRange": 288,	
    //挖矿等级:0沙、废料；1铜、铅；2煤；3钛；4钍
    "mineItems":["铝","锂","碳单质","锡","金","铀","赤金","固态能"],
    "buildSpeed":12,
    //建筑速率
    "buildBeamOffset":5,
    "despawnDamage":100000,
    "canDrown":false,
    //能否被淹死
    "circleTarget":false,
     "forceMultiTarget":true,
    "buildSpeed":10,
    //建筑速率
    "type":"flying",
    //空军
    "flying":true,
    //是否飞行
    "speed":0.8
    //移速
    "health":348000,
    "lowAltitude":true,
    "engineSize":12,
    //引擎尺寸
    "engineOffset":45,
    //引擎偏移
    "armor":25,
    //护甲
    //"targetFlags":["generator"]//ai攻击目标
    "research":"Lv5挖矿机",
	"weapons": [
		{
			"name": "",
			"reload": 65,
			"x": 0,
			"y": 0,
			"shootY": 0,
			"rotate": true,
			"rotateSpeed": 20,
			"top": false,
			"recoil": 0,
			"inaccuracy": 1,
			"xRand": 8,
			"mirror": false,
			"shootSound": "laser",
			"shake": 6,
			"shoot": {
					"type":"ShootSpread",
		"spread": 10
		    	// "barrels":3,
		//炮口数量
		 "shots":5
			},
			"bullet": {
				"type": "LaserBulletType",
				"healPercent": 5,
				"damage": 200,
				"collidesTeam": true,
				"hitEffect": {
					"type": "ParticleEffect",
					"particles": 1,
					"sizeFrom": 5,
					"sizeTo": 0,
					"baseLength": 0,
					"lifetime": 15,
					"colorFrom": "76D081",
					"colorTo": "76D081",
					"cone": 360
				},
				"shootEffect": "bigShockwave",
				"colors": [
					"88A4FFFF",
					"88A4FFFF",
					"FFFFFF"
				],
				"width": 28,
				"length": 300
			}
		},
		{
            "name":"",
            "mirror":true,
            "y":0,
            "x":0,
               "top":false,
            //"shootY":9,
            "reload":20
                "rotateSpeed":8,
            //射速
	            	"shoot": {
    "type": "shootBarrel",
    "shots": 5,//炮口数量
    "barrels": [
    0,0,0,
   0,0,10
    0,0,-10,
     0,0,5
    0,0,-5,
    ],//炮口位置（左右，前后，倾斜）
    "shotDelay":0,
}
            "recoil":0,
            //后坐力
            "shake":0.5,
            //屏幕摇晃
           // "shootSound": "missileSmall",
            "rotate":true,
            "inaccuracy":3,//不准确度
            "bullet": {
                	"type":"MissileBulletType",
	"damage": 82,
		"healPercent": 5,
			//	"damage": 200,
				"collidesTeam": true,
	"shootEffect":"none",
	"smokeEffect":"none",
	"splashDamageRadius":35,
	"splashDamage":52,
    "lightningDamage":13,
    "lightning":2,
    "lightningLength":10,
	"hitEffect":"flakExplosionBig",
	"despawnEffect":"flakExplosion",
    "width": 16,	"height": 20,
	"speed": 6,	"lifetime": 70
	  "trailColor": "88A4FFFF",
                "backColor": "88A4FFFF",
                "frontColor": "88A4FFFF",
            }
            }
		/*{
		"length":1.5,
		"reload":10,
		"rotate":true,
			"shootSound": "shootSnap",
		"alternate":false,
            "bullet": {
                "type": "MissileBulletType",
                "width": 10,
                "height": 10,
                "shrinY": 0,
                "drag": -0.01,
                "speed": 3.0,
                "homingRange": 40,
                "kepVelocity": true,
                "splashDamageRadius": 20,
                "splashDamage": 120,
                "damage": 200,
                "lifetime": 100,
                "trailColor": "E6E6E6",
                "backColor": "F9FAC5",
                "frontColor": "FAFCB8",
                "hitEffect": "blastExplosion",
                "despawnEffect": "blastExplosion",
                "weaveScale": 3,
                "weaveMag": 4
            }
		}
		{
		"length":1.5,
		"reload":10,
		"rotate":true,
			"shootSound": "shootSnap",
		"alternate":false,
            "bullet": {
                "type": "MissileBulletType",
                "width": 10,
                "height": 10,
                "shrinY": 0,
                "drag": -0.01,
                "speed": 3.0,
                "homingRange": 40,
                "kepVelocity": true,
                "splashDamageRadius": 20,
                "splashDamage": 120,
                "damage": 100,
                "lifetime": 100,
                "trailColor": "E6E6E6",
                "backColor": "F9FAC5",
                "frontColor": "FAFCB8",
                "hitEffect": "blastExplosion",
                "despawnEffect": "blastExplosion",
                "weaveScale": 3,
                "weaveMag": 4
            }
		}
		{
		"length":1.5,
		"reload":10,
		"rotate":true,
			"shootSound": "shootSnap",
		"alternate":false,
            "bullet": {
                "type": "MissileBulletType",
                "width": 10,
                "height": 10,
                "shrinY": 0,
                "drag": -0.01,
                "speed": 3.0,
                "homingRange": 40,
                "kepVelocity": true,
                "splashDamageRadius": 20,
                "splashDamage": 120,
                "damage": 100,
                "lifetime": 100,
                "trailColor": "E6E6E6",
                "backColor": "F9FAC5",
                "frontColor": "FAFCB8",
                "hitEffect": "blastExplosion",
                "despawnEffect": "blastExplosion",
                "weaveScale": 3,
                "weaveMag": 4
            }
		}
		{
		"length":1.5,
		"reload":10,
		"rotate":true,
			"shootSound": "shootSnap",
		"alternate":false,
            "bullet": {
                "type": "MissileBulletType",
                "width": 10,
                "height": 10,
                "shrinY": 0,
                "drag": -0.01,
                "speed": 3.0,
                "homingRange": 40,
                "kepVelocity": true,
                "splashDamageRadius": 20,
                "splashDamage": 120,
                "damage": 100,
                "lifetime": 100,
                "trailColor": "E6E6E6",
                "backColor": "F9FAC5",
                "frontColor": "FAFCB8",
                "hitEffect": "blastExplosion",
                "despawnEffect": "blastExplosion",
                "weaveScale": 3,
                "weaveMag": 4
            }
		}
		/*{
		"length":1.5,
		"reload":7,
		"rotate":true,
			"shootSound": "shootSnap",
		"alternate":true,
            "bullet": {
              "spawnUnit":"测试-降临导弹"
              		"speed": 7,
			"shootEffect": {
				"type": "MultiEffect",
				"effects": [
					{
						"type": "RadialEffect",
						"effect": "shootSmokeMissile",
						"amount": 1
					},
					{
						"type": "ParticleEffect",
						"particles": 15,
						"lifetime": 120,
						"sizeFrom": 4,
						"sizeTo": 0,
						"length": 120,
						"cone": 10,
						"interp": "pow10In",
						"sizeInterp": "pow5Out",
						"colorFrom": "FEB380AA",
						"colorTo": "FEB38000"
					}
				]
			}
            }
		}*/
	]
		"parts": [
		{
			"type": "ShapePart",
			"stroke": 2,
			"strokeTo": 2,
			"color": "88A4FFFF",
			"circle": true,
			"hollow": true,
			"radius": 120,
			"radiusTo": 120,
			"layer": 110
		},
	{
                "type": "HaloPart",
                "progress": {
                    "type": "reload",
                    "op": "delay",
                    "amount": 0
                },
                "rotateSpeed": 0,
                "sides": 3,
                "shapes": 9,
                "color": "88A4FFFF",
                "tri": true,
                "hollow": true,
                "stroke": 0,
                "strokeTo": 0,
                "radius": 18,
                "radiusTo": 0,
                "triLength": 24,
                "triLengthTo": 12,
                "haloRadius": 120,
                "haloRotation": 0,
                "haloRotateSpeed": -1,
                "layer": 110
            },
	]
		"abilities": [
		{
			"type": "ForceFieldAbility",
			"sides": 1,
			"radius": 120,
			"max": 20000,
			"regen": 8.5,
			"cooldown": 1200
		}
		{
		"type":"RepairFieldAbility"
		"range":200
		"amount":650
			"reload":300, 
		}
	],
}