{
	// "type":"SolidPump",
	"name":"抽水机",
	"description": "抽取地下水。"
	"size":2,
		"hasPower": true,
			"consumes": {
	    "power":1.5,
	    }
	"health":360,
	"pumpAmount":0.155,//每帧泵量
	"result":"water",//所泵液体
	"rotateSpeed":3,//贴图转速
	"attribute":"water",//地形加成
	"liquidCapacity":15,
	"requirements": [
	    "铝/50"
		"锂/80"
		"粗硅晶/30"
		"锡/40"
			"有机玻璃/60"
		],
	"category": "production",
	"research": {
		"parent": "硅晶钻头",
		"objectives": [
      {
				"type": "SectorComplete",
				"preset": "前哨基地"
			},
    ],
	},
}