{
	// "type":"SolidPump",
	"name":"能量流体收集器",
	"description": "收集能量流体。"
	"size":2,
		"hasPower": true,
			"consumes": {
	    "power":20,
	    }
	"health":360,
	"pumpAmount":0.155,//每帧泵量
	"result":"能量流体",//所泵液体
	"rotateSpeed":3,//贴图转速
	"attribute":"地能",//地形加成
	"liquidCapacity":15,
	"requirements": [
	    "塑胶/250"
		"锂/300"
		"初代合晶/30"
		"凝能晶/120"
			"有机玻璃/200"
		],
	"category": "production",
	"research": {
		"parent": "能量流体混合器",
		"objectives": [
      {
				"type": "SectorComplete",
				"preset": "黄金山谷"
			},
    ],
	},
}