{
//"type": "ConsumeGenerator"
"name": "RTG 发电机",
"description": "稳定的铀发电机，有效更安全",
"size": 2,
"minItemEfficiency":1,
"health": 580,
     "itemCapacity":10,
//"hasLiquids": true,
"hasItems": true,
"powerProduction": 8
    "generateEffect":"lightning"
"requirements": [
		{ "item": "锂", "amount": 100 },
		"铀/50"
		{ "item": "纯硅晶", "amount": 75 }
		"铝钢/75"
		"塑胶/25"
                ],
                "category": "power",
                "research":"磷反应堆",
                "itemDuration":480,
} 