{
    "type": "ConsumeGenerator",
    "name": "T3火力发电机",
    "description": "利用可燃物燃烧发电。",
    "size":2,
    "armor":15,
    "health":1200,
    //"hasLiquids": true,
    "hasItems": true,
    "itemDuration":160,
    //发电时间
    "powerProduction":13,
    //发电量
    "itemCapacity":20,
    //物品容量
    "liquidCapacity":0,
    "generateEffect": "generatespark",
    "consumes": {
        "itemFlammable":{},
    },
    "requirements": [
        "铝钢/60",
        "塑胶/65",
        "金/85",    
           "铀/85",
           "金辉合金/40"     
    ],
    "drawer":{
		"type":"DrawMulti",
		"drawers":[
			{
				"type":"DrawDefault"
			},
			{
				"type":"DrawWarmupRegion",
				//发热特效
			}
		]
	}
    "ambientSound": "smelter",
    "ambientSoundVolume":0.04,
    "category": "power",
    "research": "T2火力发电机"
}