{
    "type": "battery",
    "name": "中型电池",
    "description":"可以储存较多能量……",
    "size": 2,
    "health": 260,
        "drawer": {//143以后电池必须加drawer
		"type": "DrawMulti",
		"drawers": [
			"DrawDefault",
			{
				"type": "DrawPower",
				"emptyLightColor": "F8C266",
				"fullLightColor": "FFFFFF"
			},
			{
				"type": "DrawRegion",
				"suffix": "-top"
			}
		]
	},
    "category": "power",
    "requirements": [
        {"item": "锂", "amount":20},
        {"item": "锡", "amount": 20},
           {"item": "粗硅晶", "amount": 30},     
        ],
        "consumes": {
            "powerBuffered":20000,
            }
            "research": "小型电池"   
}