{
	"type": "ImpactReactor",
	"name": "爆破反应堆",
	"description": "",
	"size":5,
	"health":2200,
	"liquidCapacity":60,
	  "itemCapacity":30,
	"hasLiquids":true,
	"hasItems":true,
	"drawLiquidLight":true,
	"itemDuration":180,
/*	"plasma0":"0091FFFF",
    "plasma1":"0091FFFF",
	"plasma2":"0091FFFF",
    "plasma3":"0091FFFF",*/
    "lightColor":"FF0044FF",
	"powerProduction":300,
	"warmupSpeed":0.002,
	"consumes": {
    	"power":50,
    	"liquid":{
    		"liquid":"能量流体","amount":0.25,
    	},
    		"items": {
        	"items": [
            	{"item": "炸药","amount":5},
            	{"item":"固态能","amount":4}
            ],"optional": false
    	}
	},
	"requirements": [
	    "铝钢/200",
		"赤金/240",
		"金辉合金/120",
		"固态能/100",
		"次代合晶/220",
	//	"铝钢/120"
        ],
        "category": "power",//在菜单的那里，power是电力类
        "research":"温差变压器"//科技树，在什么东西的后面，原版要英文
}