{
    "type": "ThermalGenerator",
    "name": "地热发电机",
    "description": "放置在炽热地形时会产生电能。",
    "size":2,
    "health":300,
    "armor":1,
    "floating":true,
    "generateEffect":"coalSmeltsmoke",
    "effectChance":0.01
    "powerProduction":3.75,
    "requirements": [
        "铝/85",
        "锂/125"
         "粗硅晶/75"
	],
	"research": {
		"parent": "小型地热",
		"objectives": [
      {
				"type": "SectorComplete",
				"preset": "袭击"
			},
    ],
	},
	"category": "power",
}