{
    "type": "battery",
    "name": "大型电池",
    "description":"储存大量能量",
    "size": 3,
    "health": 800,
        "drawer": {//143以后电池必须加drawer
		"type": "DrawMulti",
		"drawers": [
			"DrawDefault",
			{
				"type": "DrawPower",
				"emptyLightColor": "F8C266",
				"fullLightColor": "FFFFFF"
			},
			{
				"type": "DrawRegion",
				"suffix": "-top"
			}
		]
	},
    "category": "power",
  //  "research":"ba",
    "requirements": [
        {"item": "废晶", "amount":10},
        {"item": "塑胶", "amount": 20},
        {"item": "铝钢", "amount": 50},
        {"item": "金", "amount": 30},
        ],
        "consumes": {
            "powerBuffered":50000,
            }
            "research": "中型电池"   
}