{
//"type": "ConsumeGenerator"
"name": "大型RTG 发电机",
"description": "稳定的铀发电机，有效更安全",
"size": 3,
"minItemEfficiency":1,
"health": 1580,
     "itemCapacity":10,
//"hasLiquids": true,
"hasItems": true,
"powerProduction": 25
    "generateEffect":"lightning"
"requirements": [
		{ "item": "锂", "amount": 300 },
		"铀/130"
			"初代合晶/100"
		{ "item": "纯硅晶", "amount": 245 }
		"铝钢/75"
		"赤金/125"
                ],
                "category": "power",
                "research":"RTG发电机",
                "itemDuration":480,
} 