{
    "type": "ConsumeGenerator",
    "name": "大型汽轮机",
    "description": "通过燃烧易燃物，将水化为蒸汽发更多电",
    "size": 3,
    "health": 820,
    "hasLiquids": true,
    "hasItems": true,
    "itemDuration": 150,
    "powerProduction": 24,
    "itemCapacity": 20,
    "liquidCapacity": 40,
    "drawer": {
        "type": "DrawMulti",
        "drawers": [
            "DrawDefault",
            "DrawWarmupRegion",
            {
                "type": "DrawRegion",
                "suffix": "-turbine",
                "rotateSpeed":2
            },
            {
                "type": "DrawRegion",
                "suffix": "-turbine",
                "rotateSpeed":-2,
                "rotation":45
            }
        ]
    },
    "generateEffect": "generatespark",
    "consumes": {
        "itemFlammable": {},
        "liquid": "water/0.4"
    },
    "requirements": [
        {
            "item": "纯硅晶",
            "amount": 80
        },
        {
            "item": "赤金",
            "amount": 80
        },
        {
            "item": "铝钢",
            "amount": 120
        },
      {
            "item": "初代合晶",
            "amount": 50
        },  
    {
            "item": "固态能",
            "amount": 90
        },    
    ],
    "ambientSound": "smelter",
    "ambientSoundVolume": 0.06,
    "category": "power",
 	"research": {
		"parent": "汽轮机",
		
		"objectives": [
      {
				"type": "SectorComplete",
				"preset": "暗流"
			},
    ],
	},
}