{
    "type": "ThermalGenerator",
    "name": "大型地热发电机",
    "description": "放置在炽热地形时会产生电能。",
    "size":3,
    "health":800,
    "armor":1,
   "floating":true,
    "generateEffect":"coalSmeltsmoke"
    "effectChance":0.03
    "powerProduction":10.5,
    "requirements": [
        "铝/285",
        "塑胶/125"
        "废晶/55"
        "铀/75"
         "初代合晶/35"  
	],
	"research": {
		"parent": "地热发电机",
		
		"objectives": [
      {
				"type": "SectorComplete",
				"preset": "富能带"
			},
    ],
	},
	"category": "power",
}