{
    "type": "SolarGenerator",
    "name": "机械太阳能板",
    "description": "从太阳汲取光能，无消耗地产生微量电力。",
    "size": 1,
    "health": 50,
    	"buildCostMultiplier": 3,
    "powerProduction": 0.2,//产能（60x/s）
    "lightRadius":2,//发光范围
    "requirements": [
        {
            "item": "铝",
            "amount": 12
        },
        {
            "item": "锂",
            "amount": 12
        },
    ],
    "category": "power",
    "research": {
	"parent": "火力发电机"//科技树前置
		},
}