{
    "type":"PowerNode",
    "name":"棱镜塔",
    "description":"使用有机玻璃对金辉合金的能量进行折射，有很大的范围。",
    "size":2,
     "laserColor1":"#00c7fc",//有电时激光颜色
    "laserColor2":"#0031fc",//没电时激光颜色
    "health":1000,
    "maxNodes":4,
    "armor":10,
    "laserRange":130,
	"hasPower":true,
	// "consumesPower": true,
	// "outputsPower": true,
    "requirements": [
        "有机玻璃/50",
        "铀/30",
         "金辉合金/35",
        ],
        "research":"大型能量中枢",
        "category":"power"
}