{
	// "type": "ImpactReactor",
	"name": "水力发电机",
	"description": "利用水流的动能发电，便宜但性能一般，需要感电启动……
	可在液体上构建。",
	"health": 160,
	"size": 2,
	"buildCostMultiplier":1,
	"hasPower": true,
	"hasLiquids": true,
	"consumes": {
		"power":0,
		"liquid": {
			"liquid": "water",
			"amount": 0.3
		}
	},
    "requirements": ["铝/45",
    "有机玻璃/55",
    "粗硅晶/65",
    "锡/25"
	],
	"category": "power",
	"research": "潮湿发电机1",
	"placeableLiquid":true,
	"itemCapacity":0, //物品容量
	"liquidCapacity":60, //液体容量
	"itemDuration": 120,//生产时间
	"warmupSpeed": 0.02, //启动时间。
	"explosionRadius":16, //爆炸半径
	"explosionDamage":50, //爆炸伤害
	"explodeEffect":"shockwave",//爆炸特效
	"powerProduction": 4.5, //输出电量
}