{
    "type": "NuclearReactor",
    "name": "磷反应堆",
  "description": "剧烈燃烧磷以获得电力\n，需要持续水供给，过热或被摧毁会导致剧烈爆炸。伤害为1k",
    "size": 2,
    "health": 1500,
    "liquidCapacity": 30,
    "itemCapacity": 20,
    "hasItems": true,
    "hasLiquids": true,
    "outputsPower": true,
    "powerProduction": 50,
    "itemDuration": 240,
    "heating":0.01,
    "lightColor": "FFFFFF",
    "explosionShake":2,
    "explosionShakeDuration":60,
    "explosionRadius": 20,
    "explosionDamage":1500,
    "explodeSound":"explosionbig",
    "fuelItem":"磷",
    "consumes": {
    "liquid": {
    "liquid": "water",
    "amount": 0.2
        },
    "items":["磷/1"]
    },
  "requirements": [
  "铝/200"
  "纯硅晶/80"
  "锂/150"
  "锡/150"
  "铝钢/20"
   ],
    "category": "power",
    "research": "地热发电机"
}