{
	"name": "放射核心",
	"description": "",
	"itemCapacity":20000,
	"hasItems": true,
	"health": 12000,
	"unitCapModifier":36,
	"size": 4,
	"breakable":true,
	"requirements": [	
	{ "item": "铝", "amount": 12000},
	{ "item": "锂", "amount": 10000},
	{ "item": "纯硅晶", "amount": 8000},
	{ "item": "金", "amount": 8000},	
	{ "item": "铀", "amount": 8000},
	{ "item": "金辉合金", "amount": 500},
],
                       "unitType": "特斯拉",
"category": "effect",
	"research":"晶体核心"
}