{
    "type":"LaunchPad", 
    "name":"次代发射台", 
    "description":"将货物发射至指定区块。增大容量，减小发射间隔", 
    "health":900,
    "size":2, 
    "itemCapacity":80, 
    "launchTime":600,
    "hasPower":true, 
    "consumes": {
        "power": 8
    },
	"requirements": [
		{ "item": "纯硅晶", "amount": 200 },
		{ "item": "铝钢", "amount": 100 }
		{ "item": "铀", "amount": 140 },
		{ "item": "赤金", "amount": 80 }
		],
	"category": "effect",
	//"research":"初代发射台"
			"research": {
		"parent": "初级发射台",
		"objectives": [
      {
				"type": "SectorComplete",
				"preset": "冥域"
			},
    ],
	},
}