{
	"name":"刑鲸",
	"description":"加装火焰喷射器，并强化了电磁场……"
	"hitSize":26,
	//碰撞箱大小
    "rotateSpeed":3,
    //转身速度
    "itemCapacity":0,
    //载货量
    "canDrown":false,
    //能否被深水淹死
    "buildSpeed":0,
    //建筑速率
    // "type":"naval",
    //海军
    "lowAltitude":true,
    //阴影绘制
    "speed":0.7,
    //移动速度
    "health":1950,
    //血量
    "armor":9,
    //装甲
    "trailLength":23,
    //划出的水迹长度 8:1
    "waveTrailX":5,
    "waveTrailY":-5,
    "trailScl":1,
    "research":"潜虾",
	"weapons":[
	   {
	        "type":"PointDefenseWeapon"
	        "name":"刑鲸"
	        "x":0,
	        "y":0,
	        		"rotate": false,
	        "reload":10,
	        "targetInterval":6,
	        "targetSwitchInterval":9,
	        "recoil":0,
	        "bullet":{
	            "shootSound":"lasershoot"
	            "shootEffect":"sparkShoot"
	            "hitEffect":"pointHit"
	            "maxRange":90,
	            "damage":20,
	        }
	    }
	    {
            "type":"RepairBeamWeapon",
            "name":"刑鲸治疗",
            "y":-10,
            "x":11,
            "shootY":7,
            "reload":10,
            //射速
            "recoil":0,
            //后坐力
            "beamWidth":0.7,
            //激光宽度
            "repairSpeed":1,
            //修理速度
            "fractionRepairSpeed":0.05,
            //分段修理速度
            "shootCone":15,
            "targetUnits":true,
            //目标单位
            "targetBuildings":true,
            //目标建筑
            "autoTarget":true,
            //自动锁定目标
            "controllable":false,
            //可控
            "laserColor":"#ffff00",
            //激光颜色
            "healColor":"#ffff00",
            //修复颜色
            "shake":0,
            "rotate":false,
            "top":false,
            "mirror":false,
            "bullet": {
                "damage":10,
                "maxRange":120,
                }
            },
            {
            "name": "刑鲸火焰",
            "shootSound":"flame"
            "reload":4,
            "recoil":1,
            "shootY":3,
            "x":8.6,
            "y":2,
            "shootCone":6,
            "shots":1,
            "rotate":true,
            "top":false,
            "ejectEffect":"none",
            "bullet": {
                "type": "BasicBulletType",
                "collidesAir":true,
                "damage":50,
                "status":"burning",
                "statusDuration":180,
                "pierce":true,
                "hitSize":8,
                "speed":6,
                "width": 0.1,
                "height": 0.1,
                "lifetime":40,
                "shootEffect":{
                    "type": "ParticleEffect",
                    "particles": 40,
                    "sizeFrom": 4,
                    "sizeTo": 0.5,
                    "length": 200,
                    "lifetime": 35,
                    "interp": "circleOut",
                    "colorFrom": "#ffff00",
                    "colorTo": "#ffff00",
                    "cone":6,
    },
                "hitEffect":"hitFlameSmall",
                "despawnEffect":"none",
                "keepVelocity":false,
                "hittable":false,
                //能否被拦截
                "reflectable":false,
                //能否被反射
                "ammoMultiplier":3,
                "incendAmount":1,
            }
        }
        ]
            "abilities": [
{"type":"EnergyFieldAbility",
    "damage":56,
    "reload":40, 
    "range":200,
 	"healPercent":3,
    "hitEffect":{"type": "ParticleEffect",
    "particles": 1,
    "sizeFrom": 1,
    "sizeTo": 0,
    "line":true,
    "length": 15,
    "baseLength": 0,
    "lifetime": 25,
    "colorFrom": "#ffff00",
    "colorTo": "#ffff00",
    "cone": 10},
"damageEffect":"chainLightning",
    "status":"electrified",
    "shootSound":"spark",
    "statusDuration":120,
    "x": 0,  "y": 0, 
    "maxTargets":10 }     ], 
}