{
	"name":"暗蚪",
	"description":"基本海辅……"
	"hitSize":10,
	//碰撞箱大小
    "rotateSpeed":4,
    //转身速度
    "itemCapacity":0,
    //载货量
    "canDrown":false,
    //能否被深水淹死
    "buildSpeed":0,
    //建筑速率
    // "type":"naval",
    //海军
    "lowAltitude":true,
    //阴影绘制
    "speed":1.2,
    //移动速度
    "health":550,
    //血量
    "armor":5,
    //装甲
    "trailLength":12,
    //划出的水迹长度 8:1
    "waveTrailX":5,
    "waveTrailY":-5,
    "trailScl":1,
    "research":"特种海军工厂",
	"weapons":[
{
			"name":"暗蚪机炮",
			"mirror":true,
			"x":-3,
			"y":-4,
			"reload":72,
			"shootSound":"missile",
			"recoil":1,
			"shoot":{
				"shots":2,
				"shotDelay":4
			}
			"rotate":true,
		"bullet":{
	"damage": 15,
	"splashDamageRadius":14,
	"splashDamage":25,
	"homingRange": 250,
	"homingPower": 0.1,
	"collidesAir":true,
	"shootEffect":"none",
	"smokeEffect":"none",
"hitEffect":"flakExplosionBig",
"despawnEffect":"flakExplosionBig",
    "trailLength":6,
	"trailWidth":1,
	"trailColor":"1F4BA3FF",
    "backColor":"FFFFFF",
    "frontColor":"E3E3E3", 
    "drag":-0.01,
    "width": 8,	"height": 20,
	"speed": 6,	"lifetime": 20 }
		},
		{
			"name":"暗蚪机炮",
			"mirror":true,
			"x":2,
			"y":2,
			"reload":142,
			"shootSound":"missile",
			"recoil":1,
			"shoot":{
				"shots":3,
				"shotDelay":4
			}
			"rotate":true,
		"bullet":{
	"damage": 35,
	"splashDamageRadius":14,
	"splashDamage":35,
	"homingRange": 250,
	"homingPower": 0.1,
	"collidesAir":true,
	"shootEffect":"none",
	"smokeEffect":"none",
"hitEffect":"flakExplosionBig",
"despawnEffect":"flakExplosionBig",
    "trailLength":6,
	"trailWidth":1,
	"trailColor":"1F4BA3FF",
    "backColor":"FFFFFF",
    "frontColor":"E3E3E3", 
    "drag":-0.01,
    "width": 8,	"height": 20,
	"speed": 6,	"lifetime": 20 }
		},
		
        ]
}