{
	"name":"螣渊",
	"description":""
	"details":"嘻嘻，里面藏着两个鹦鹉螺和一个电辉哟。"
	"hitSize":61,
	//碰撞箱大小
    "rotateSpeed":2,
    //转身速度
    "itemCapacity":0,
    //载货量
    "canDrown":false,
    //能否被深水淹死
    "buildSpeed":0,
    //建筑速率
    // "type":"naval",
    //海军
    "lowAltitude":true,
    //阴影绘制
    "speed":0.2,
    //移动速度
    "health":355000,
    //血量
    "armor":40,
    //装甲
    "trailLength":160,
    //划出的水迹长度 8:1
    "waveTrailX":5,
    "waveTrailY":-5,
    "trailScl":1,
    "research":"龙帝",
	"weapons":[
	{"name":"螣渊混合",
    "x":0,"y":0,
	"inaccuracy": 0,
	"shootCone":60,
	"shootSound":"laser",
    "shootY":5,
    "shake":4,
    "rotate":true,
	"rotateSpeed":5,
	"reload":85,
	"alternate": true,
        "bullet":{
    "type":"EmpBulletType",
    "width": 30,
    "height": 30,
    "hitSize":36,
    "hitShake":6,
    "healPercent":5,
	"speed":7,"lifetime":60,
    "damage":600,
    "radius":160, 
	"splashDamageRadius":92,
    "splashDamage":685,
    "timeIncrease":1,
    "powerDamageScl":3,
    "powerSclDecrease":0,
    "unitDamageScl":1.5,
    "hitUnits":true,
    "scaleLife": true,
	"status":"electrified",
	"statusDuration":600,
    "frontColor":"#ffff00",
    "backColor":"#ffff00",
    "trailLength":16,
	"trailWidth":4,
    "trailColor":"#ffff00", 
    "shootEffect":{
    "type": "ParticleEffect",
    "particles": 5,
    "sizeFrom": 3,"sizeTo": 0,
    "length": 45,"baseLength":0,
    "lifetime": 35,
    "colorFrom": "97FFA8FF",
    "colorTo": "ffffff",
    "cone": 60},
    "smokeEffect": "none",
	"hitSound":"plasmaboom",
		"despawnEffect":{"type": "WaveEffect",
    "lifetime": 45,
    "sizeFrom": 60,"sizeTo": 80,
    "strokeFrom":4,"strokeTo":0,
    "colorFrom":"#ffff00",
    "colorTo": "#ffff00"},
	"hitEffect":{"type":"MultiEffect",
	"effects": [
    {"type": "ParticleEffect",
    "particles": 1,
    "sizeFrom": 60,"sizeTo": 60,
    "length": 0,"baseLength":0,
    "lifetime": 15,
    "colorFrom": "#ffff00",
    "colorTo": "#ffff00",
    "cone": 360},
    {
            "type": "WaveEffect"
            "sizeFrom": 80
            "sizeTo": 0
            "lifetime":20
            "sides":0
            "colorFrom": "#ffff00"
            "colorTo": "#ffff00"
            "strokeFrom":6
            "strokeTo": 0
            }
    ]
    }
   		//"fragRandomSpread": 360,
			"fragBullets": 15,
			"fragVelocityMax": 1,
			"fragVelocityMin": 1,
			"fragRandomSpread":0,//随机分裂角度
			"fragSpread":5//分裂角度
			"fragAngle":0,//分裂起始角度，
					"fragBullet":{
					"type":"EmpBulletType",
					"homingDelay": 10,
				"homingPower": 3,
				"homingRange": 240,	
    "width": 10,
    "height": 10,
    "hitSize":16,
    "hitShake":2,
    //"healPercent":5,
	"speed":5,"lifetime":180,
    "damage":800,
    "radius":160, 
	"splashDamageRadius":62,
    "splashDamage":850,
    "timeIncrease":1,
    "powerDamageScl":3,
    "powerSclDecrease":0,
    "unitDamageScl":1.5,
    "hitUnits":true,
    "scaleLife": true,
	"status":"electrified",
	"statusDuration":600,
    "frontColor":"#ffff00",
    "backColor":"#ffff00",
/*  	"pierce": true,
	"pierceArmor": true,
	"pierceBuilding": true,
	"pierceCap": 2,*/
    "trailLength":26,
	"trailWidth":2,
    "trailColor":"#ffff00", 
    "shootEffect":{
    "type": "ParticleEffect",
    "particles": 5,
    "sizeFrom": 3,"sizeTo": 0,
    "length": 45,"baseLength":0,
    "lifetime": 35,
    "colorFrom": "97FFA8FF",
    "colorTo": "ffffff",
    "cone": 60},
    "smokeEffect": "none",
	"hitSound":"plasmaboom",
		"despawnEffect":{"type": "WaveEffect",
    "lifetime": 45,
    "sizeFrom": 60,"sizeTo": 80,
    "strokeFrom":4,"strokeTo":0,
    "colorFrom":"#ffff00",
    "colorTo": "#ffff00"},
	"hitEffect":{"type":"MultiEffect",
	"effects": [
    {"type": "ParticleEffect",
    "particles": 1,
    "sizeFrom": 20,"sizeTo": 20,
    "length": 0,"baseLength":0,
    "lifetime": 25,
    "colorFrom": "#ffff00",
    "colorTo": "#ffff00",
    "cone": 360},
    {
            "type": "WaveEffect"
            "sizeFrom": 80
            "sizeTo": 0
            "lifetime":20
            "sides":0
            "colorFrom": "#ffff00"
            "colorTo": "#ffff00"
            "strokeFrom":6
            "strokeTo": 0
            }
    ]
    }
					}
    }},
	{
			"name": "螣渊厄兆",
			"type": "PointDefenseWeapon",
			"x": 15,
			"y": -25,
			"rotate": true,
			"recoil": 0,
			"rotateSpeed": 9,
			"reload": 6,
			"targetInterval": 6,
			"targetSwitchInterval": 6,
			"bullet": {
				"speed": 20,
				"lifetime": 10,
				"shootEffect": "sparkShoot",
				"hitEffect": "pointHit",
				"maxRange": 200,
				"damage": 30
			}
		},
			{
			"name": "螣渊厄兆",
			"type": "PointDefenseWeapon",
			"x": 15,
			"y": 16,
			"rotate": true,
			"recoil": 0,
			"rotateSpeed": 9,
			"reload": 6,
			"targetInterval": 6,
			"targetSwitchInterval": 6,
			"bullet": {
				"speed": 20,
				"lifetime": 10,
				"shootEffect": "sparkShoot",
				"hitEffect": "pointHit",
				"maxRange": 200,
				"damage": 30
			}
		},
		{
			"name": "螣渊火炮",
			"x": 12,
			"y": -5,
			"rotate": true,
		//	"recoil": 0,
				"inaccuracy": 0,
				"mirror": true,
				"recoil": 3,	
			"rotateSpeed": 2,
			"reload": 120,
			"bullet": {
				"type": "BasicBulletType",
				"scaleLife": true,
				"damage": 2280,
				"statusDuration": 200,
				 		"pierce":true,//穿透
			"pierceCap":2,//穿透数量
					"pierceBuilding":true,//穿透
				"pierceArmor": true,
				"status": "短路",
				"shootEffect": {
					"type": "ParticleEffect",
					"interp": "pow10Out",
					"sizeInterp": "pow10In",
					"particles": 25,
					"sizeFrom": 9,
					"sizeTo": 0,
					"length": 65,
					"baseLength": 59,
					"lifetime": 35,
					"colorFrom": "FFFFFF",
					"colorTo": "F3E979FF",
					"cone": 30
				},
				"despawnEffect": "none",
				"hitSound": "plasmaboom",
				"hitShake": 10,
				"shrinkY": 0,
				"sprite": "合晶工业-八芒星",
				"width": 45,
				"height": 45,
				"frontColor": "F3E979FF",
				"backColor": "F3E979FF",
				"trailLength": 15,
				"trailWidth": 3,
				"trailColor": "F3E979FF",
				"speed": 14,
				"lifetime": 60,
				"splashDamageRadius": 72,
				"splashDamage": 360,
				"lightningDamage": 180,
				"lightning": 3,
				"lightningLength": 12,
				"lightningLengthRand": 3,
				"fragRandomSpread":0,//随机分裂角度
			"fragSpread":8//分裂角度
			"fragAngle":0,//分裂起始角度，
			"fragBullets": 5,
				"fragBullet": {
					"continuous":true,
			//是否持续射击
			"tscales":15
					"pierce":true,//穿透
			//"pierceCap":2,//穿透数量
				//	"pierceBuilding":true,//穿透
				"pierceArmor": true,
				"damage":80,
				//伤害，1:12
				"buildingDamageMultiplier":1,
				"length":240,
				//激光长度,8:1
					"width":10,
				"status":"burning",
				"hitEffect":"hitMeltHeal",
				"drawSize":250,
				"lifetime":400,
				"statusDuration":180,
				"shake":3,
				"type":"ContinuousLaserBulletType",
				"colors":["F3E979FF","F3E979FF"]
				  "bulletInterval":0,
        "intervalBullets": 5,
        "intervalRandomSpread": 360,
        "intervalSpread": 360,
        "intervalAngle": 0,
        "intervalBullet": {
         "type":"LightningBulletType",
    "damage":240,
    "lightningLength":53,
	"ammoMultiplier":1,
    "collidesAir": true
"lightningColor": "F3E979FF",
        /*
   "type":"LightningBulletType",
    "damage":55,
    "lightningLength":35,
	"ammoMultiplier":1,
    "collidesAir": true
"lightningColor": "0091FFFF",
*/    }
      }
        },
		},
		{
			"name": "",
			"reload": 240,
			"x": 0,
			"y": 0,
			"rotate": false,
			"top": false,
			"recoil": 0,
			"inaccuracy": 360,
			"mirror": false,
			"shootSound": "plasmadrop",
			"shootCone": 360,
			"velocityRnd": 0.9,
			"shoot": {
				"shotDelay": 1,
				"shots": 40
			},
			"bullet": {
				"type": "ArtilleryBulletType",
				"reflectable": false,
				"damage": 350,
				"width": 12,
				"height": 12,
				"splashDamage": 350,
				"splashDamageRadius": 100,
				"homingDelay": 60,
				"homingPower": 0.4,
				"homingRange": 80,
				"collidesTeam": false,
				"backColor": "F3E979FF",
				"frontColor": "F3E979FF",
				"mixColorTo": "FFFFFF",
				"hitSound": "plasmaboom",
				"hitEffect": {
					"type": "MultiEffect",
					"effects": [
						{
							"type": "ParticleEffect",
							"particles": 8,
							"sizeFrom": 6,
							"sizeTo": 0,
							"length": 80,
							"baseLength": 8,
							"lifetime": 30,
							"colorFrom": "F3E979FF",
							"colorTo": "FFFFFF"
						},
						{
							"type": "WaveEffect",
							"lifetime": 25,
							"sizeFrom": 8,
							"sizeTo": 50,
							"strokeFrom": 5,
							"strokeTo": 0,
							    "sides":4
							"colorFrom": "F3E979FF",
							"colorTo": "F3E979FF"
						}
					]
				},
				"despawnEffect":{
  	"type":"multiEffect",
"effects":[
{
"type": "ExplosionEffect",
"sparkColor":"F3E979FF",//火花颜色
"sparkStroke":3,//火花宽
"sparkRad":8,//火花半径
"sparkLen":8,//长度
"sparks":8,//火花数
				},
]}
				"shootEffect": "none",
				"sprite": "合晶工业-八芒星",
				"hitShake": 4,
				"shrinkX": 0,
				"shrinkY": 0,
				"drag": 0.01,
				"lifetime": 100,
				"speed": 6,
				"fragRandomSpread": 10,
				"fragBullets": 1,
				"fragBullet": {
					"continuous":true,
			//是否持续射击
			"tscales":15
					"pierce":true,//穿透
			//"pierceCap":2,//穿透数量
					//"pierceBuilding":true,//穿透
				"pierceArmor": true,
				"damage":25,
				//伤害，1:12
				"buildingDamageMultiplier":1,
				"length":80,
				//激光长度,8:1
					"width":1,
				"status":"burning",
				"hitEffect":"hitMeltHeal",
				"drawSize":60,
				"lifetime":300,
				"statusDuration":180,
				"shake":3,
				"type":"ContinuousLaserBulletType",
				"colors":["F3E979FF","F3E979FF"]
				}
			}
		},
    
        ],
           "abilities": [
           {
	"type": "SpawnDeathAbility",
			"unit": "鹦鹉螺",
			"amount": 2
	}
	{
	"type": "SpawnDeathAbility",
			"unit": "电辉",
			"amount": 1
	}
 {
            "type": "RegenAbility",
            //再生
            "percentAmount": 0.005
            //每秒回复(此数值x100=实际百分率)(负数为减血)
        }
        {
            "type":"RepairFieldAbility"
            "amount":300
            //再生值
            "reload":300
            //重载时间60:1
            "range":64
            //范围8:1
            "activeEffect":{
	            "type":"WaveEffect"
		        "lifetime":90,
		        "sizeFrom":0
		        //从多大
		        "sizeTo":64
		        //到多大
		        "strokeFrom":2,
		        //从多宽
		        "strokeTo": 0,
		        //到多宽
		        "colorFrom":"F3E979FF"
		        "colorTo":"F3E979FF"
            },
        }
        {"type":"EnergyFieldAbility",
    "damage":120,
    "reload":15, 
    "range":350,
 	"healPercent":7,
    "hitEffect":{"type": "ParticleEffect",
    "particles": 1,
    "sizeFrom": 6,
    "sizeTo": 0,
    "line":true,
    "length": 25,
    "baseLength": 0,
    "lifetime": 35,
    "colorFrom": "F3E979FF",
    "colorTo": "F3E979FF",
    "cone": 20},
"damageEffect":"chainLightning",
    "status":"短路",
    "shootSound":"spark",
    "statusDuration":120,
    "x": 0,  "y": 0, 
    "maxTargets":30}
    ], 
}