{
	"name":"龙帝",
	"description":"装载威力极大的能量炮，发射分解穿透能量弹"
	"hitSize":59,
	//碰撞箱大小
    "rotateSpeed":4,
    //转身速度
    "itemCapacity":0,
    //载货量
    "canDrown":false,
    //能否被深水淹死
    "buildSpeed":0,
    //建筑速率
    // "type":"naval",
    //海军
    "lowAltitude":true,
    //阴影绘制
    "speed":0.23,
    //移动速度
    "health":71000,
    //血量
    "armor":25,
    //装甲
    "trailLength":80,
    //划出的水迹长度 8:1
    "waveTrailX":5,
    "waveTrailY":-5,
    "trailScl":1,
    "research":"鹦鹉螺",
	"weapons":[
	{	"name": "龙帝1",	
		"reload": 60,
        "x": 15,  "y": -20, 
        "rotate": true,
		"top":true,
		"recoil":2,
        "inaccuracy": 0,   
		"alternate": true,  
		"shootSound":"laser",
		"shake":2,
		"bullet":{
"type": "LaserBulletType",	
"healPercent":4,
"recoil":1,
"damage":480,
      "collidesAir":true,
      "collidesGround": true,
      "collidesTeam":true,
"laserAbsorb":true,
"shootEffect": "bigShockwave",
"colors":["#ffff00", "#ffff00", "#ffff00"],
"width":16,	 "length":300	}	}
	  {
			"name":"龙帝2",
			//武器贴图的名字
			"top":true,
			"mirror":false,
			"shootY":13,
			  "rotate":true,
	"rotateSpeed":5,
			"x":0,
			"y":0,
			"firstShotDelay":240,
			//第一次射击的前摇
			"chargeSound":"lasercharge2",
			//充能阶段的声音
			"shootSound":"beam",
			//射击的声音
			"reload":650,
			//射速
			"recoil":0,
			//后坐力
			"continuous":true,
			//是否持续射击
            "cooldownTime":240,
            "shootStatus":"overclock",
            "statusDuration":150,
			"bullet":{
				"damage":250,
				//伤害，1:12
				"buildingDamageMultiplier":1,
				"length":350,
				//激光长度,8:1
				"status":"melting",
				"hitEffect":"hitMeltHeal",
				"drawSize":420,
				"lifetime":420,
				"shake":6,
				"shootEffect":{
                    "type":"MultiEffect"
                    "effects":[
	        {
	            "type":"WaveEffect"
		        "lifetime":60
		        "sizeFrom":60
		        "sizeTo":0
		        "colorFrom":"#ffff00"
		        "colorTo":"#ffff00"
            },
            {
		        "type": "WaveEffect"
		        "lifetime":120
		        "sizeFrom":40
		        "sizeTo":0
		        "colorFrom": "#ffff00"
		        "colorTo": "#ffff00"
            },
            {
		        "type": "WaveEffect"
		        "lifetime":180
		        "sizeFrom":20
		        "sizeTo":0
		        "colorFrom": "#ffff00"
		        "colorTo": "#ffff00"
            },
            ]
                },
				"type":"ContinuousLaserBulletType",
				"colors":["#ffff33","#ffff33","#ffff33","#ffff00"]
			}
		},
	  {"name":"龙帝1",
    "x":15,"y":10,
	"inaccuracy": 0,
	"shootCone":60,
	"shootSound":"laser",
    "shootY":5,
    "shake":4,
    "rotate":true,
	"rotateSpeed":5,
	"reload":120,
	"alternate": true,
        "bullet":{
    "type":"EmpBulletType",
    "width": 30,
    "height": 30,
    "hitSize":36,
    "hitShake":6,
    "healPercent":5,
	"speed":7,"lifetime":60,
    "damage":300,
    "radius":160, 
	"splashDamageRadius":22,
    "splashDamage":385,
    "timeIncrease":1,
    "powerDamageScl":3,
    "powerSclDecrease":0,
    "unitDamageScl":1.5,
    "hitUnits":true,
    "scaleLife": true,
	"status":"electrified",
	"statusDuration":600,
    "frontColor":"#ffff00",
    "backColor":"#ffff00",
    "trailLength":16,
	"trailWidth":4,
    "trailColor":"#ffff00", 
    "shootEffect":{
    "type": "ParticleEffect",
    "particles": 5,
    "sizeFrom": 3,"sizeTo": 0,
    "length": 45,"baseLength":0,
    "lifetime": 35,
    "colorFrom": "97FFA8FF",
    "colorTo": "ffffff",
    "cone": 60},
    "smokeEffect": "none",
	"hitSound":"plasmaboom",
		"despawnEffect":{"type": "WaveEffect",
    "lifetime": 45,
    "sizeFrom": 60,"sizeTo": 80,
    "strokeFrom":4,"strokeTo":0,
    "colorFrom":"#ffff00",
    "colorTo": "#ffff00"},
	"hitEffect":{"type":"MultiEffect",
	"effects": [
    {"type": "ParticleEffect",
    "particles": 1,
    "sizeFrom": 60,"sizeTo": 60,
    "length": 0,"baseLength":0,
    "lifetime": 15,
    "colorFrom": "#ffff00",
    "colorTo": "#ffff00",
    "cone": 360},
    {
            "type": "WaveEffect"
            "sizeFrom": 80
            "sizeTo": 0
            "lifetime":20
            "sides":0
            "colorFrom": "#ffff00"
            "colorTo": "#ffff00"
            "strokeFrom":6
            "strokeTo": 0
            }
    ]
    }
   		//"fragRandomSpread": 360,
			"fragBullets": 10,
			"fragVelocityMax": 1,
			"fragVelocityMin": 1,
			"fragRandomSpread":0,//随机分裂角度
			"fragSpread":36,//分裂角度
			"fragAngle":0,//分裂起始角度，
					"fragBullet":{
					"type":"EmpBulletType",
    "width": 10,
    "height": 10,
    "hitSize":16,
    "hitShake":2,
    "healPercent":5,
	"speed":7,"lifetime":30,
    "damage":200,
    "radius":160, 
	"splashDamageRadius":92,
    "splashDamage":350,
    "timeIncrease":1,
    "powerDamageScl":3,
    "powerSclDecrease":0,
    "unitDamageScl":1.5,
    "hitUnits":true,
    "scaleLife": true,
	"status":"electrified",
	"statusDuration":600,
    "frontColor":"#ffff00",
    "backColor":"#ffff00",
  	"pierce": true,
	"pierceArmor": true,
	"pierceBuilding": true,
	"pierceCap": 2,
    "trailLength":26,
	"trailWidth":2,
    "trailColor":"#ffff00", 
    "shootEffect":{
    "type": "ParticleEffect",
    "particles": 5,
    "sizeFrom": 3,"sizeTo": 0,
    "length": 45,"baseLength":0,
    "lifetime": 35,
    "colorFrom": "97FFA8FF",
    "colorTo": "ffffff",
    "cone": 60},
    "smokeEffect": "none",
	"hitSound":"plasmaboom",
		"despawnEffect":{"type": "WaveEffect",
    "lifetime": 45,
    "sizeFrom": 60,"sizeTo": 80,
    "strokeFrom":4,"strokeTo":0,
    "colorFrom":"#ffff00",
    "colorTo": "#ffff00"},
	"hitEffect":{"type":"MultiEffect",
	"effects": [
    {"type": "ParticleEffect",
    "particles": 1,
    "sizeFrom": 20,"sizeTo": 20,
    "length": 0,"baseLength":0,
    "lifetime": 25,
    "colorFrom": "#ffff00",
    "colorTo": "#ffff00",
    "cone": 360},
    {
            "type": "WaveEffect"
            "sizeFrom": 80
            "sizeTo": 0
            "lifetime":20
            "sides":0
            "colorFrom": "#ffff00"
            "colorTo": "#ffff00"
            "strokeFrom":6
            "strokeTo": 0
            }
    ]
    }
					}
    }},
      {"name":"龙帝1",
    "x":15,"y":-40,
	"inaccuracy": 0,
	"shootCone":60,
	"shootSound":"laser",
    "shootY":5,
    "shake":4,
    "rotate":true,
	"rotateSpeed":5,
	"reload":135,
	"alternate": true,
        "bullet":{
        "type":"EmpBulletType",
    "width": 30,
    "height": 30,
    "hitSize":36,
    "hitShake":6,
    "healPercent":5,
	"speed":7,"lifetime":60,
    "damage":300,
    "radius":160, 
	"splashDamageRadius":32,
    "splashDamage":685,
    "timeIncrease":1,
    "powerDamageScl":3,
    "powerSclDecrease":0,
    "unitDamageScl":1.5,
    "hitUnits":true,
    "scaleLife": true,
	"status":"electrified",
	"statusDuration":600,
    "frontColor":"#ffff00",
    "backColor":"#ffff00",
    "trailLength":16,
	"trailWidth":4,
    "trailColor":"#ffff00", 
    "shootEffect":{
    "type": "ParticleEffect",
    "particles": 5,
    "sizeFrom": 3,"sizeTo": 0,
    "length": 45,"baseLength":0,
    "lifetime": 35,
    "colorFrom": "97FFA8FF",
    "colorTo": "ffffff",
    "cone": 60},
    "smokeEffect": "none",
	"hitSound":"plasmaboom",
		"despawnEffect":{"type": "WaveEffect",
    "lifetime": 45,
    "sizeFrom": 60,"sizeTo": 80,
    "strokeFrom":4,"strokeTo":0,
    "colorFrom":"#ffff00",
    "colorTo": "#ffff00"},
	"hitEffect":{"type":"MultiEffect",
	"effects": [
    {"type": "ParticleEffect",
    "particles": 1,
    "sizeFrom": 60,"sizeTo": 60,
    "length": 0,"baseLength":0,
    "lifetime": 15,
    "colorFrom": "#ffff00",
    "colorTo": "#ffff00",
    "cone": 360},
    {
            "type": "WaveEffect"
            "sizeFrom": 80
            "sizeTo": 0
            "lifetime":20
            "sides":0
            "colorFrom": "#ffff00"
            "colorTo": "#ffff00"
            "strokeFrom":6
            "strokeTo": 0
            }
    ]
    }
   		//"fragRandomSpread": 360,
			"fragBullets": 10,
			"fragVelocityMax": 1,
			"fragVelocityMin": 1,
			"fragRandomSpread":0,//随机分裂角度
			"fragSpread":36,//分裂角度
			"fragAngle":0,//分裂起始角度，
					"fragBullet":{
					"type":"EmpBulletType",
    "width": 10,
    "height": 10,
    "hitSize":16,
    "hitShake":2,
    "healPercent":5,
	"speed":7,"lifetime":30,
    "damage":200,
    "radius":160, 
	"splashDamageRadius":42,
    "splashDamage":350,
    "timeIncrease":1,
    "powerDamageScl":3,
    "powerSclDecrease":0,
    "unitDamageScl":1.5,
    "hitUnits":true,
    "scaleLife": true,
	"status":"electrified",
	"statusDuration":600,
    "frontColor":"#ffff00",
    "backColor":"#ffff00",
  	"pierce": true,
	"pierceArmor": true,
	"pierceBuilding": true,
	"pierceCap": 2,
    "trailLength":26,
	"trailWidth":2,
    "trailColor":"#ffff00", 
    "shootEffect":{
    "type": "ParticleEffect",
    "particles": 5,
    "sizeFrom": 3,"sizeTo": 0,
    "length": 45,"baseLength":0,
    "lifetime": 35,
    "colorFrom": "97FFA8FF",
    "colorTo": "ffffff",
    "cone": 60},
    "smokeEffect": "none",
	"hitSound":"plasmaboom",
		"despawnEffect":{"type": "WaveEffect",
    "lifetime": 45,
    "sizeFrom": 60,"sizeTo": 80,
    "strokeFrom":4,"strokeTo":0,
    "colorFrom":"#ffff00",
    "colorTo": "#ffff00"},
	"hitEffect":{"type":"MultiEffect",
	"effects": [
    {"type": "ParticleEffect",
    "particles": 1,
    "sizeFrom": 20,"sizeTo": 20,
    "length": 0,"baseLength":0,
    "lifetime": 25,
    "colorFrom": "#ffff00",
    "colorTo": "#ffff00",
    "cone": 360},
    {
            "type": "WaveEffect"
            "sizeFrom": 80
            "sizeTo": 0
            "lifetime":20
            "sides":0
            "colorFrom": "#ffff00"
            "colorTo": "#ffff00"
            "strokeFrom":6
            "strokeTo": 0
            }
    ]
    }}
			}		}
    
        ],
            "abilities": [
{"type":"EnergyFieldAbility",
    "damage":120,
    "reload":20, 
    "range":350,
 	"healPercent":6,
    "hitEffect":{"type": "ParticleEffect",
    "particles": 1,
    "sizeFrom": 6,
    "sizeTo": 0,
    "line":true,
    "length": 25,
    "baseLength": 0,
    "lifetime": 35,
    "colorFrom": "#ffff00",
    "colorTo": "#ffff00",
    "cone": 20},
"damageEffect":"chainLightning",
    "status":"短路",
    "shootSound":"spark",
    "statusDuration":120,
    "x": 0,  "y": 0, 
    "maxTargets":25}     ], 
}