{
    "speed":0.2,
    "hitSize":50,
    "name": "暴雪机器人",
    "health":600000,
    "description":"激冻心火,击溃敌人",
    "itemCapacity":0,
    "armor":20,
    	"drawCell":false,
 //   "type": "mech",
    "canBoost":false,
            "rotateSpeed":1.2,
    //能否使用推进器飞行
    // "landShake":1,
    // //着陆震动
    // "riseSpeed":2,
    // //双腿收起速度
    // "engineSize":2,
    // //引擎尺寸
    // "engineOffset":4,
    // //引擎偏移
    // "boostMultiplier":1.75,
    // //飞行速度
    "research": "",
    "weapons": [
              {"name":"天甲副炮",
    "x":15,"y":-10,
	"inaccuracy": 0,
	"shootCone":60,
	"shootSound":"laser",
    "shootY":5,
    "shake":4,
    "rotate":true,
	"rotateSpeed":5,
	"reload":85,
	"alternate": true,
        "bullet":{
    "type":"EmpBulletType",
    "width": 30,
    "height": 30,
    "hitSize":36,
    "hitShake":6,
  //  "healPercent":5,
	"speed":7,"lifetime":70,
    "pierce": true,
    "pierceBuilding":true,
    "pierceCap": 2,
    "damage":800,
    "radius":24, 
	"splashDamageRadius":24,
    "splashDamage":655,
    "timeIncrease":1,
    "powerDamageScl":3,
    "powerSclDecrease":0,
    "unitDamageScl":1.5,
    "hitUnits":true,
    "scaleLife": true,
	"status":"electrified",
	"statusDuration":600,
    "frontColor":"0C9DF5FF",
    "backColor":"0C9DF5FF",
    "trailLength":16,
	"trailWidth":4,
    "trailColor":"0C9DF5FF", 
    "shootEffect":{
    "type": "ParticleEffect",
    "particles": 5,
    "sizeFrom": 12,"sizeTo": 0,
    "length": 45,"baseLength":0,
    "lifetime": 35,
    "colorFrom": "0C9DF5FF",
    "colorTo": "ffffff",
    "cone": 60
       "region":"合晶工业-雪花1" 
    },
    "smokeEffect": "none",
	"hitSound":"plasmaboom",
	"hitEffect":{"type":"MultiEffect",
	"effects": [
    {
    "type": "ParticleEffect",
    "particles": 1,
    "sizeFrom": 10,"sizeTo": 60,
    "length": 0,"baseLength":0,
    "lifetime": 65,
    "colorFrom": "0C9DF5FF",
    "colorTo": "ffffff",
    "cone": 360
        "region":"合晶工业-雪花1"
    },
    
    ]}
    }},
    {
            "name":"暴风雪2",
            "mirror":true,
            "y":0,
            "x":30,
               "top":false,
            "shootY":9,
            "reload":5,
            //射速
	            	"shoot": {
    "type": "shootBarrel",
    "shots": 6,//炮口数量
    "barrels": [
    0,0,0,
   // 0,0,30
//    0,0,-30,
     0,0,5
    0,0,-5,
    ],//炮口位置（左右，前后，倾斜）
    "shotDelay":0,
}
            "recoil":0.4,
            //后坐力
            "shake":0.5,
            //屏幕摇晃
           // "shootSound": "missileSmall",
            "rotate":false,
            "inaccuracy":3,//不准确度
            "bullet": {
                "type": "BasicBulletType",
                "collidesAir":true,
                "damage":800,
                "status":"freezing",
                "statusDuration":180,
                "pierce":true,
                "hitSize":8,
                "speed":9,
                "width": 0.1,
                "height": 0.1,
                "lifetime":62,
                		"pierce":true,//穿透
			"pierceCap":1,//穿透数量
					"pierceBuilding":true,//穿透
               "shootEffect":{
                    "type": "ParticleEffect",
                    "particles": 3,
                    "sizeFrom": 20,
                    "sizeTo": 5,
                    "length": 600,
                    "lifetime": 70,
                    "interp": "circleOut",
                    "colorFrom": "0C9DF5FF",
                    "colorTo": "ffffff",
                    "cone":15,
    "region":"合晶工业-雪花1"
    },
                "hitEffect":{"type":"MultiEffect",
	"effects": [
    {
    "type": "ParticleEffect",
    "particles": 1,
    "sizeFrom": 5,"sizeTo": 10,
    "length": 0,"baseLength":0,
    "lifetime": 25,
    "colorFrom": "0C9DF5FF",
    "colorTo": "ffffff",
    "cone": 360
        "region":"合晶工业-雪花1"
    },
    
    ]},
                "despawnEffect":"none",
               "keepVelocity":false,
                "hittable":false,
                //能否被拦截
                "reflectable":false,
                //能否被反射
                "ammoMultiplier":3,
             //   "incendAmount":1,
                "fragBullets": 1,
                "fragBullet": 
                {
                "speed": 8,
                "damage": 380,
                "lifetime": 5

                              "width":0.1,
                "height":0.1,
             //   "splashDamageRadius":20,
           	 // "buildingDamageMultiplier":2,     	
           	  "shrinkY":0,
	"shrinkX":0,
	  //  "splashDamage":320,
	        "sprite":"clear",
	           "hitEffect":{"type":"MultiEffect",
	"effects": [
    {
    "type": "ParticleEffect",
    "particles": 1,
    "sizeFrom": 5,"sizeTo": 20,
    "length": 0,"baseLength":0,
    "lifetime": 25,
    "colorFrom": "0C9DF5FF",
    "colorTo": "ffffff",
    "cone": 360
        "region":"合晶工业-雪花1"
    },],}
            }
            }
            }
              {"name":"天甲副炮",
    "x":15,"y":12,
	"inaccuracy": 0,
	"shootCone":60,
	"shootSound":"laser",
    "shootY":5,
    "shake":4,
    "rotate":true,
	"rotateSpeed":5,
	"reload":85,
	"alternate": true,
        "bullet":{
    "type":"EmpBulletType",
    "width": 30,
    "height": 30,
    "hitSize":36,
    "hitShake":6,
  //  "healPercent":5,
	"speed":7,"lifetime":70,
    "pierce": true,
    "pierceBuilding":true,
    "pierceCap": 2,
    "damage":800,
    "radius":24, 
	"splashDamageRadius":24,
    "splashDamage":655,
    "timeIncrease":1,
    "powerDamageScl":3,
    "powerSclDecrease":0,
    "unitDamageScl":1.5,
    "hitUnits":true,
    "scaleLife": true,
	"status":"electrified",
	"statusDuration":600,
    "frontColor":"0C9DF5FF",
    "backColor":"0C9DF5FF",
    "trailLength":16,
	"trailWidth":4,
    "trailColor":"0C9DF5FF", 
    "shootEffect":{
    "type": "ParticleEffect",
    "particles": 5,
    "sizeFrom": 12,"sizeTo": 0,
    "length": 45,"baseLength":0,
    "lifetime": 35,
    "colorFrom": "0C9DF5FF",
    "colorTo": "ffffff",
    "cone": 60
       "region":"合晶工业-雪花1" 
    },
    "smokeEffect": "none",
	"hitSound":"plasmaboom",
	"hitEffect":{"type":"MultiEffect",
	"effects": [
    {
    "type": "ParticleEffect",
    "particles": 1,
    "sizeFrom": 10,"sizeTo": 60,
    "length": 0,"baseLength":0,
    "lifetime": 65,
    "colorFrom": "0C9DF5FF",
    "colorTo": "ffffff",
    "cone": 360
        "region":"合晶工业-雪花1"
    },
    
    ]}
    }},
    ]
        "destroyBullet":{
        //死亡子弹
        "type":"BasicBulletType",
	    "sprite":"clear"
	    //子弹贴图：无
	    "smokeEffect":"none",
	    "trailEffect":"none",
	    "lifetime":1,
	    "speed":1,
	    "trailChance":0,
		"splashDamageRadius":80,
	"splashDamage":100,
	   // "despawnEffect":"none",
	    "shootEffect":"bigShockwave",
		"despawnEffect":{"type":"MultiEffect",
	"effects": [
    {
    "type": "ParticleEffect",
    "particles": 1,
    "sizeFrom": 10,"sizeTo": 600,
    "length": 0,"baseLength":0,
    "lifetime": 180,
    "colorFrom": "0C9DF5FF",
    "colorTo": "ffffff",
    "cone": 360
        "region":"合晶工业-雪花1"
    },
    
    ]}
	    "buildingDamageMultiplier":0.01,
	}
	  "abilities": [
            	{
            "type": "StatusFieldAbility"
            "activeEffect":{
		        "type": "WaveEffect"
		        "lifetime":70
		        "sizeFrom":0
		        "sizeTo":220
		        "colorFrom": "0C9DF5FF"
		        "colorTo": "0C9DF5FF"
            },
        "effect":"暴雪装甲",
        "range":200,
        "reload":1200,
        "duration":3600,
        }
], 
}