{
	"type": "BuildTurret",
	"name": "2级建造塔",
	"description": "自动重建范围内的建筑，并在其他单位进行建造时提供协助。",
	"health": 2300,
	"size": 2,
	"range": 230,
	"buildSpeed":5,
	"canOverdrive": true,
	"consumes": {
		"power": 8
	},
	"requirements": [
		"纯硅晶/100",
		"废晶/150",
		"塑胶/120"
		"金/140"
	],
	/*"drawer":{"type":"DrawMulti",
"drawers":[{"type":"DrawTurret",
"parts":[
{"type":"RegionPart",
"mirror":false,//是否镜像显示
"x":0,"y":0,//起始位置
"suffix":"-左","layer":60,"moveX":-4,"moveY":0,
"moveRot":0,//移动圈数
}
{"type":"RegionPart",
"mirror":false,//是否镜像显示
"x":0,"y":0,//起始位置
"suffix":"-右","layer":60,"moveX":4,"moveY":0,
"moveRot":-0,//移动圈数
}
]}]}*/
//呜呜，经过测试，建造塔不能加parts
	"category": "effect",
	"research": "初级建造塔"
}