{ 
    "type":"PointDefenseTurret",
 	"name": "清道夫",
    "description": "拦截子弹，性能极佳",
     "health":3200,
	 "size":4,
     "rotateSpeed":20,
	 "range":320,
	 "retargetTime":1
	 "reload":1,
	 "shootLength":10,
	 "inaccuracy": 0,
	 "bulletDamage": 14,
	 "hasPower":true
	 "acceptCoolant":true
     "coolantMultiplier":4
	 "color":"E1E8FFFF"
	 "speed":10
"consumes": {
		"power":18
	},
"requirements":[
{"item":"铝","amount":240},
{"item":"锂","amount":300},
{"item":"废晶","amount":320},
{"item":"铝钢","amount":280},
{"item":"金","amount":220},
{"item":"固态能","amount":280},
"初代合晶/80"
],
	"category": "turret",
	"research": "初级建造塔"
}