{
	"type":"ShockMine",
	"name":"电击地雷",
	"description":"将范围内的所有单位都造成闪电伤害。/n若排列几行或几列，则敌方单位踩到一个，其他全炸。",
	"health":250,
	"size":1,
	"buildCostMultiplier": 0.1,
	"tileDamage":250,//自伤
	"cooldown":20,
	// "tileDamage":5,
	"damage":0,
	"length":0,
	"tendrils":0,
	"lightningDamage":0,
	"lightningColor":"6950a1",
	"shots":1,
	"inaccuracy":0,
	"teamAlpha":0.3, //颜色相关
	"rebuildable":false,//自动重建
	"underBullets": true,//不碰撞子弹
	"destroyBullet":{
	    //死亡子弹
	    "type":"BasicBulletType",
	    "sprite":"none"
	    //子弹贴图：无
	    "smokeEffect":"none",
	    "trailEffect":"none",
	    "lifetime":0.1,
	    "speed":0.1,
	    "damage":0
	    "splashDamageRadius": 45,
        "splashDamage": 100,
	    "despawnEffect":"sapExplosion",
	    "shootEffect":"sapExplosion",
	    "hitEffect":"sapExplosion",
	       "lightningDamage":25,
                "lightning":8,
                "lightningLength":15,
	}
	"update":false,
    "destructible":true, //可破坏的
    "solid":false, //立体的
    "targetable":false, //可命中
    "hasShadow":false, //阴影
    
    "requirements":[
       "锂/65"
        "粗硅晶/65",
        "锡/65"
        ]
    "category":"effect",
    "research":"电压",
}





/*

shockMine = new ShockMine("shock-mine"){{
            requirements(Category.effect, with(Items.lead, 25, Items.silicon, 12));
            hasShadow = false;//影子
            health = 50;
            damage = 25;
            tileDamage = 7f;//瓦片
            length = 10;
            tendrils = 4;//卷须
        }};
        

public class ShockMine extends Block{
    public final int timerDamage = timers++;

    public float cooldown = 80f;
    public float tileDamage = 5f;
    public float damage = 13;
    public int length = 10;
    public int tendrils = 6;
    public Color lightningColor = Pal.lancerLaser;
    public int shots = 6;
    public float inaccuracy = 0f;
    public @Nullable BulletType bullet;
    public float teamAlpha = 0.3f;
    public @Load("@-team-top") TextureRegion teamRegion;

    public ShockMine(String name){
        super(name);
        update = false;
        destructible = true;
        solid = false;
        targetable = false;
    }
    
*/