{
	// "type": "Pump",//类型
	"category": "liquid",//菜单栏
	"name": "增压泵",//名字
	"description": "泵送大量液体，需要电力。",//介绍

	"research": {
	"parent": "涡轮泵"	},

	"requirements": [//研究花费
	"铝/350",
	"锂/300",
	"有机玻璃/300",
	"金/120"
		"铀/150"
	]	

	"consumes": {"power": 8,
	/*"liquid":{"liquid":"water","amount":0.2}*/	}

	"size": 3,//平方大小
	"health": 1280,//血量
	"pumpAmount": 0.4,//秒泵出量
	"liquidCapacity":120,//液体容量
}