{
	"type": "Conduit",
	"name": "锡导管",
	"description": "传输液体，比铝导管快",
	"health": 20,
	"speed": 5,
	"liquidCapacity":30,
	"leakResistance": 10,
		"liquidPadding": 5,//液体填充速度
		"liquidPressure":5
	//液体压力
	"requirements": [
		{"item": "锡", "amount": 5 },
		{"item": "纯硅晶", "amount": 3 }
	],
			"bridgeReplacement":"铝导管桥",//默认桥
    "junctionReplacement":"铝液体交叉器",//默认交叉器
	"category": "liquid",
	"research":"铝导管"
}