{
    //"type":"Conveyor"
	"name":"赤金传送带",
	"description":"向前运输物品。",
	"health":80,
	"armor":2
	"requirements": [
	    "赤金/1",
	        "铝钢/1",
	          //  "锡/1",
	    ]
		"research": {
		"parent": "锡传送带",
	},
	"category": "distribution",
	"speed":0.3,
	"displayedSpeed":30.5,
	//显示的速度
		"bridgeReplacement":"锡传送带桥",//默认桥
    "junctionReplacement":"铝连接器",//默认交叉器
	"placeableLiquid":true,
	//能否在液体上构建
	"requiresWater":false,
	//是否只能在水上
}