{
	//"type": "ItemBridge",//类型,带桥
	"size":1,//平方大小
	"range":5,//范围
	"category": "distribution",//菜单栏
	"name": "铝传送带桥",//名字
	"description": "跨越地形向前运输物品",//介绍
	"research": "铝路由器"//前置科技树
	"alwaysUnlocked":false,//科技树默认解锁
	"health":80//血量
	"hasPower": false,
	"itemCapacity":15,
	"arrowSpacing":6,
    "bufferCapacity":14,
	"requirements": [//建造消耗
		{ "item":"铝","amount":6},
		{"item":"锂","amount":2}	],
	"transportTime": 3.5,//运输速度
	"displayedSpeed":0.8,//显示速度
}