{
	"type": "naval",
	"name": "洋帝",
	"description": "",
	"speed":1.3,	
	"rotateSpeed":2,
	//"ammoType":"固态能",
	"ammoCapacity": 350,
	"hitSize":80,
    "trailLength":280,
    "waveTrailX":10,
    "waveTrailY":-26,
    "trailScl":6,
	"health": 358000,
	"armor":25, 
	"faceTarget": false,
    	"range":300,
    "targetFlags":["turret"]//ai攻击目标
    "research":"雷章",
	"weapons": [
		{
			"name":"",
			//武器贴图的名字
			"mirror":true,
			"x":0,
			"y":0,
			"reload":120,
			//射速
			"recoil":0,
			//后坐力
			"rotate":true,
	        "cooldownTime":10,
	        //武器贴图由红色恢复到正常贴图的时间(-heat贴图)
				"shoot": {
    "type": "shootBarrel",
    "shots": 2,//炮口数量
    "shotDelay":6,
    	/*"barrels":5,
		//炮口数量
		"spread":3,
		//炮口间距设定*/
}
			"bullet":{
				"damage":600,
				"speed":6,
				//子弹飞行速度
				"status":"blasted",
				"hitEffect":"hitFlameSmall",
				"splashDamageRadius":24,
				//伤害范围
				"splashDamage":350,
				//伤害
				"lifetime":60,
				//子弹存在时间
    			//"homingPower":5,
    			//追踪力度
    				"sprite": "合晶工业-八芒星",
					"backColor": "9CC2F0FF",
					"frontColor": "9CC2F0FF",
    		"homingDelay": 10,
				"homingPower": 5,
				"homingRange": 240,	
					"hitEffect": {
					"type": "multiEffect",
					"effects": [
					{
"type": "ParticleEffect",
"particles": 5,
"sizeFrom": 10,
"sizeTo": 0,
"length": 30,
"baseLength": 50,
"lifetime": 120,
"colorFrom": "6F80E8FF",
"colorTo": "6F80E8FF",
"cone": 60
}
					]
				}
				  "fragBullets":1,   
				      "fragBullet":{
		"status":"blasted",
		"statusDuration":60,
		"width":8,	"height":9,
		"splashDamageRadius":30,
		"splashDamage":435,
        "lifetime":80,
        "speed":5
        	"sprite": "合晶工业-八芒星",
					"backColor": "9CC2F0FF",
					"frontColor": "9CC2F0FF",
        	"homingDelay": 10,
				"homingPower": 5,
				"homingRange": 240,	
					"hitEffect": {
					"type": "multiEffect",
					"effects": [
					{
"type": "ParticleEffect",
"particles": 5,
"sizeFrom": 10,
"sizeTo": 0,
"length": 30,
"baseLength": 50,
"lifetime": 120,
"colorFrom": "6F80E8FF",
"colorTo": "6F80E8FF",
"cone": 60
}
					]
				}
				  "fragBullets":3,   
				      "fragBullet":{
		"status":"blasted",
		"statusDuration":60,
		"width":8,	"height":9,
		"splashDamageRadius":30,
		"splashDamage":445,
        "lifetime":80,
        "speed":5
        	"sprite": "合晶工业-八芒星",
					"backColor": "9CC2F0FF",
					"frontColor": "9CC2F0FF",
						"hitEffect": {
					"type": "multiEffect",
					"effects": [
					{
"type": "ParticleEffect",
"particles": 5,
"sizeFrom": 10,
"sizeTo": 0,
"length": 30,
"baseLength": 50,
"lifetime": 120,
"colorFrom": "6F80E8FF",
"colorTo": "6F80E8FF",
"cone": 60
}
					]
				}
        	  "fragBullets":8,   
				      "fragBullet":{
		"status":"blasted",
		"statusDuration":60,
		"width":8,	"height":9,
		"splashDamageRadius":34,
		"splashDamage":455,
        "lifetime":40,
        "speed":5
        	"sprite": "合晶工业-八芒星",
					"backColor": "9CC2F0FF",
					"frontColor": "9CC2F0FF",
        	"homingDelay": 1,
				"homingPower": 5,
				"homingRange": 240,	
					"pierce":true,//穿透
		//	"pierceCap":1,//穿透数量
					"pierceBuilding":true,//穿透
						"hitEffect": {
					"type": "multiEffect",
					"effects": [
					{
"type": "ParticleEffect",
"particles": 5,
"sizeFrom": 10,
"sizeTo": 0,
"length": 30,
"baseLength": 50,
"lifetime": 120,
"colorFrom": "6F80E8FF",
"colorTo": "6F80E8FF",
"cone": 60
}
					]
				}
      }	
      }	
      }	
				}
		},
	{
			"name":"雷章3",
			//武器贴图的名字
			"mirror":true,
			"x":20,
			"y":12,
			"reload":40,
			//射速
			"recoil":0,
			//后坐力
			"rotate":true,
	        "cooldownTime":10,
	        //武器贴图由红色恢复到正常贴图的时间(-heat贴图)
				"shoot": {
    "type": "shootBarrel",
    "shots": 12,//炮口数量
    "shotDelay":6,
    	/*"barrels":5,
		//炮口数量
		"spread":3,
		//炮口间距设定*/
}
			"bullet":{
				"damage":600,
				"speed":5,
				//子弹飞行速度
				"status":"blasted",
				"hitEffect":"hitFlameSmall",
				"splashDamageRadius":24,
				//伤害范围
				"splashDamage":750,
				//伤害
				"lifetime":80,
				//子弹存在时间
    			"type":"MissileBulletType"
    			//导弹的type
    			"homingPower":5,
    			//追踪力度
    			"trailChance":0.5,
    			//尾迹产生频率
				}
		},
			{
			"name":"雷章3",
			//武器贴图的名字
			"mirror":true,
			"x":20,
			"y":-8,
			"reload":90,
			//射速
			"recoil":0,
			//后坐力
			"rotate":true,
	        "cooldownTime":10,
	        //武器贴图由红色恢复到正常贴图的时间(-heat贴图)
				"shoot": {
    "type": "shootBarrel",
    "shots": 12,//炮口数量
    "shotDelay":6,
    	/*"barrels":5,
		//炮口数量
		"spread":3,
		//炮口间距设定*/
}
			"bullet":{
				"damage":800,
				"speed":5,
				//子弹飞行速度
				"status":"blasted",
				"hitEffect":"hitFlameSmall",
				"splashDamageRadius":24,
				//伤害范围
				"splashDamage":600,
				//伤害
				"lifetime":80,
				//子弹存在时间
    			"type":"MissileBulletType"
    			//导弹的type
    			"homingPower":5,
    			//追踪力度
    			"trailChance":0.5,
    			//尾迹产生频率
				}
		},
	      {	"name": "单位炮",
	"reload":120, 
	"shake":3,
	"recoil":1,
    "x": 20,  "y": 10,    
    "shootX":0, "shootY":-1,
    "rotate": true,
    "top":true,
    "inaccuracy": 0,
	"shootSound": "shootBig",
	"alternate": true,
	"ejectEffect":"casing4",
	"bullet":
	 {
			"type": "PointBulletType",
			"damage": 830,
			"lifetime": 10,
			"speed": 63,
			"ammoMultiplier": 1,
			"reloadMultiplier": 0.85,
			"hitSound": "plasmaboom",
			"despawnEffect": {
				"type": "ParticleEffect",
				"particles": 1,
				"sizeFrom": 16,
				"sizeTo": 0,
				"length": 0,
				"baseLength": 0,
				"lifetime": 20,
				"colorFrom": "9CC2F0FF",
				"colorTo": "9CC2F0FF",
				"cone": 0
			},
			"smokeEffect": "smokeCloud",
			"hitEffect": {
				"type": "WaveEffect",
				"lifetime": 135,
				"sizeFrom": 150,
				"sizeTo": 0,
				"strokeFrom": 4,
				"strokeTo": 1,
				"colorFrom": "9CC2F0FF",
				"colorTo": "9CC2F0FF"
			},
			"trailSpacing": 10,
			"trailEffect": {
				"type": "ParticleEffect",
				"particles": 1,
				"length": 1,
				"baseLength": 1,
				"lifetime": 140,
				"line": true,
				"lenFrom": 20,
				"lenTo": 20,
				"strokeFrom": 4,
				"strokeTo": 0,
				"colorFrom": "9CC2F0FF",
				"colorTo": "5898F0FF",
				"cone": 0
			},
			"fragAngle": 180,
			"fragRandomSpread": 60,
			"fragBullets": 10,
			"fragVelocityMax": 1,
			"fragVelocityMin": 1,
			"fragBullet": {
				"type": "PointBulletType",
				"damage": 830,
				"lifetime": 60,
				"speed": 10,
				"trailEffect": "none",
				"hitEffect": "none",
				"despawnEffect": {
					"type": "ParticleEffect",
					"particles": 1,
					"sizeFrom": 20,
					"sizeTo": 60,
					"length": 0,
					"baseLength": 0,
					"lifetime": 90,
					"colorFrom": "9CC2F0FF",
					"colorTo": "5898F0FF",
					"cone": 360
				},
				"fragBullets": 1,
				"fragAngle": 180,
				"fragRandomSpread": 0,
				"fragVelocityMax": 1,
				"fragVelocityMin": 1,
				"fragBullet": {
					"type": "BasicBulletType",
					"reflectable":false,
					"splashDamageRadius":30,
				"splashDamage":1000,
					"speed": 4,
					"spin": 5,
					"shrinkX": 0,
					"shrinkY": 0,
					"lifetime": 79,
					"width": 60,
					"height": 60,
					"drag": -0.016,
				"trailLength": 12,
	            "trailWidth": 3,
	            "trailChance":0.8,
	            "trailInterval":12,
					"trailColor": "5898F0FF",
						"trailEffect": {
		"type": "ParticleEffect",
		"particles": 3,
		"interp": "pow10Out",
		"sizeInterp": "pow10In",
	//"region":"1-",
		"sizeFrom": 7,
		"sizeTo": 0,
		"length": 38,
		"baseLength": 0,
		"lifetime": 90,
		"colorFrom": "9CC2F0FF",
		"colorTo": "9CC2F0FF"
	},
					"hitShake": 20,
					"sprite": "合晶工业-八芒星",
					"backColor": "9CC2F0FF",
					"frontColor": "9CC2F0FF",
					"status": "短路",
					"statusDuration": 190,
					"splashDamageRadius": 150,
					"splashDamage": 380,
					"hitSound": "plasmaboom",
					"hitEffect": {
						"type": "MultiEffect",
						"effects": [
							{
								"type": "ParticleEffect",
								"particles": 72,
								"line": true,
								"strokeFrom": 10,
								"strokeTo": 0,
								"lenFrom": 55,
								"lenTo": 23,
								"length": 203,
								"baseLength": 30,
								"lifetime": 30,
								"colorFrom": "9CC2F0FF",
								"colorTo": "9CC2F0FF",
								"cone": 360
							},
							{
								"type": "ParticleEffect",
								"particles": 42,
								"sizeFrom": 10,
								"sizeTo": 0,
								"length": 163,
								"baseLength": 3,
								"lifetime": 90,
								"colorFrom": "9CC2F0FF",
								"colorTo": "9CC2F0FF",
								"cone": 360
							},
							{
								"type": "ParticleEffect",
								"particles": 1,
								"sizeFrom": 100,
								"sizeTo": 0,
								"length": 0,
								"baseLength": 0,
								"lifetime": 90,
								"colorFrom": "BFFFDB90",
								"colorTo": "BFFFDB00",
								"cone": 360
							},
							{
								"type": "WaveEffect",
								"lifetime": 30,
								"sizeFrom": 0,
								"sizeTo": 120,
								"strokeFrom": 6,
								"strokeTo": 0,
								"colorFrom": "9CC2F0FF",
								"colorTo": "9CC2F0FF"
							}
						]
					},
					"despawnEffect": "none"
				}
			},
		}
	}
	 {
            "name":"洋帝导弹",
            "mirror":false,
            "y":0,
            "x":0,
               "top":true,
            	"shoot": {
    "type": "shootBarrel",
    "shots": 12,//炮口数量
    "shotDelay":6,
    	/*"barrels":5,
		//炮口数量
		"spread":3,
		//炮口间距设定*/
}
            "shootX":2,
            "reload":480,
            //射速
            "recoil":0.4,
            //后坐力
            "shake":0.5,
            //屏幕摇晃
            "shootSound": "missileSmall",
            "rotate":true,
            "inaccuracy":0,//不准确度
         "bullet": {
            "spawnUnit": "合晶工业-降临导弹",
			"speed":6,
            },
				}
         {	"name": "雷章1",	
		"reload": 60,
        "x": 14,  "y": -20, 
        "rotate": true,
		"top":true,
		"recoil":0,
        "inaccuracy": 0,   
		//"alternate": true,  
		"shootSound":"laser",
		"shake":2,
		"bullet":{
"type": "PointLaserBulletType",	
//"healPercent":4,
"recoil":3,
"damage":800,
      "collidesAir":true,
      "collidesGround": true,
       "hitColor":"9CC2F0FF"
       "sprite":"合晶工业-定点激光"
    //  "collidesTeam":true,
//"laserAbsorb":true,
"shootEffect": "bigShockwave",
//"colors":["9CC2F0FF", "9CC2F0FF", "9CC2F0FF"],
    "backColor": "9CC2F0FF",
        "frontColor": "9CC2F0FF",
      //  "trailColor": "9CC2F0FF",  
"width":16,	 
}
	}   
	]
}