{
	// "type": "naval",
	"name": "虎鲨",
	"description": "发射轨道炮，闪电导弹与烈性燃烧弹。",
	"speed":0.6,	
	"rotateSpeed":0.7,
	"ammoType":"固态能",
	"ammoCapacity": 200,
	"hitSize":39,
    "trailLength":160,
    "waveTrailX":10,
    "waveTrailY":-26,
    "trailScl":4,
	"health": 16000,
	"armor":15, 
	"faceTarget": false,
	"research": "江鳄",
	"weapons":[
		{"name":"虎鲨导弹",  
	"mirror":true,
	 "x":16,"y":0,
	"reload":180,
	"shoot":{
		"barrels":3,
		//炮口数量
		"spread":15,
		//炮口间距设定
	    "shots":18,
	    "shotDelay":2},
	"shootSound":"missile",
	"rotate": true,
	"rotateSpeed":4,
	"inaccuracy":6,
	"bullet":{
	"type":"MissileBulletType",
	"damage": 40,
	"shootEffect":"none",
	"smokeEffect":"none",
	"splashDamageRadius":35,
	"splashDamage":32,
	
	"hitEffect":"flakExplosionBig",
	"despawnEffect":"flakExplosion",
    "width": 8,	"height": 9,
	"speed": 4,	"lifetime": 50}},
	{
            "name":"虎鲨激光",
            "y":12,
            "x":15,
        "reload":60,
        "shootCone":60,
        "shoot": {
            "shots": 3,
            "shotDelay": 3
        },
        "shootSound":"missile",
        "rotate": true,
        "rotateSpeed":8,
        "inaccuracy":10,
         "xRand":6,
        "autoTarget":true,
        "bullet":{
        "type":"MissileBulletType",
        "damage": 65,
        "splashDamageRadius":45,
        "splashDamage":45,
        "homingRange": 60,
        "homingPower": 0.2,
        "hitEffect":"flakExplosionBig",
        "despawnEffect":"none",
        "trailLength":3,
        "trailWidth":2,
            "status":"烈性燃烧",
            "statusDuration":120,
        	   "backColor":"FF0000FF",
			//子弹边缘颜色
			"frontColor":"FF0000FF",
			//子弹中心颜色
			"trailColor":"FF0000FF",
        "trailEffect":"none",
        "width": 12,	"height": 13,
        "speed": 4,	"lifetime": 52}},   
        {"name":"虎鲨激光",
        "x":13,"y":-18,
        "reload":30,
        "shootCone":60,
        "shoot": {
            "shots": 4,
            "shotDelay": 3
        },
        "shootSound":"missile",
        "rotate": true,
        "rotateSpeed":8,
        "inaccuracy":10,
         "xRand":6,
        "autoTarget":true,
        "bullet":{
        "type":"MissileBulletType",
        "damage": 45,
        "splashDamageRadius":45,
        "splashDamage":45,
        "homingRange": 60,
        "homingPower": 0.2,
        "hitEffect":"flakExplosionBig",
        "despawnEffect":"none",
        "trailLength":3,
        "trailWidth":2,
        "trailEffect":"none",
        "width": 12,	"height": 13,
        "speed": 4,	"lifetime": 52}},    
	{	"name": "虎鲨列位",
	"reload": 120,  
    "x": 0,  "y": 0,
    "rotate": true,
    "rotateSpeed":2,
    "mirror":false,
    "inaccuracy": 0,
    "shootSound":"release",
	"shake":6,
	"bullet":{	
  	"type":"RailBulletType",
    "damage":900,
    "pierce": true,	
	"pierceBuilding":true,
	"pierceEffect":"railHit",
    "pointEffect":"railTrail",
    "hitEffect":"massiveExplosion",
    "smokeEffect":"shootBig2",
    "pierceDamageFactor":0.2,
    "length":450,
    "despawnEffect":"bigShockwave"
}	}
	]
}
