{
   "type": "ItemTurret",
    "name": "噩梦",
    "description": "…",
    "shootSound": "shotgun",
    "health":8625,
    //血量
    "reload":45,
    "size": 4,
    //尺寸
    		"ammoPerShot":8,//射击一次消耗子弹
	"shoot":{
		"type":"ShootSpread",
		"spread": 8
		    	// "barrels":3,
		//炮口数量
		 "shots":9
	}
    "shootCone":25,
    "recoil": 3,
    	   "consumes":{
	     // "power": 2, 
	 "coolant": {
           "amount": 0.3,
           "optional": true
          }
	}
    "maxAmmo":60
    "rotateSpeed": 1,
    //炮台转动速度
    "ammoPerShot": 1,
    "heatColor":"turretHeat",
    "range": 400,
    //射程
    "ammoTypes": {
        "赤金": {
            "type": "ShrapnelBulletType",
            "damage": 256,
            "length": 408,
            "reloadMultiplier": 0.8,
            "fromColor": "#ff9900",
            "ammoMultiplier": 3
        },
                "铀": {
            "type": "ShrapnelBulletType",
            "damage": 186,
            "length": 408,
            "reloadMultiplier": 1,
            "fromColor": "#d9d9d9",
            "ammoMultiplier": 2
        },
                        "金辉合金": {
            "type": "ShrapnelBulletType",
            "damage": 360,
            "length": 408,
            "reloadMultiplier": 1,
            "fromColor": "#ffff00",
            "ammoMultiplier": 2
                        	 "lightningDamage":50,
         "lightning":2,
         "lightningLength":30,  
              "lightningCone":20,
        },
                    "初代合晶": {
            "type": "LaserBulletType",
            "status":"melting",
            "damage":430,
            "length": 420,
          //  "width":25,
            "hitSize":10,
            "reloadMultiplier": 0.5,
            "ammoMultiplier": 2,
            "lightColor":"0091FFFF",
            "colors":["0091FFFF","0091FFFF","0091FFFF"],
            "knockback":0.5
   
        },
    },
    "requirements": [
        "铝钢/300",
        "铀/220",
        "纯硅晶/275",
         "赤金/175",  
         "初代合晶/150",   
        "次代合晶/50",
    ],
    "category": "turret",
    "research": "宪令"
}