{
	//"type": "ItemTurret",
	//炮塔类型有: 
	"name": "多管炮",
	"description": "单管炮的爹。",
	"health": 240,
	"size": 1,
			"ammoPerShot":2,//射击一次消耗子弹
	"reload":15,
	//装弹时间，越小越快(60为1秒)
	"range": 220,
	//射程(半径,8代表一格)
	"inaccuracy":0,
	//子弹偏转度
	"recoil":3,
	   "consumes":{
	 "coolant": {
           "amount": 0.1,
           "optional": true
          }
	}
	//后坐力
	"alternate":true,
	//炮口是否轮流射击
	"shoot":{
    	"type":"ShootAlternate",
    	"barrels":2,
		//炮口数量
		"spread":0.5,
		//炮口间距设定
				"shots":2,
    }
	"rotateSpeed":5,
	//炮台转动速度
	"maxAmmo":30,
	//弹药量
	"alwaysUnlocked":false,
	//科技树里是否默认解锁
	"ammoTypes": {
		"铝": {
		    //铜
			"speed":4,
			    "lifetime":25,
			"damage":20,
			"reloadMultiplier":0.8,
			"ammoMultiplier":4,
			"width":5,
			"height":8,
			"inaccuracy":3,
			"smokeEffect": "pulverizeRed",
			"lifetime":60 
		}
		"锂": {
		    //铅
			"speed":4,
			    "lifetime":25,
			"damage":20,
			"reloadMultiplier":1,
			"ammoMultiplier":4,
			"width":5,
			"height":8,
			"inaccuracy":2,
			"smokeEffect": "pulverizeRed",
			"lifetime":60
		},
		"粗硅晶": {
			"speed":4,
			"damage":25,
			"reloadMultiplier":0.8,
			"ammoMultiplier":4,
			"width":10,
			    "lifetime":25,
			"height":10,
			"fragBullets":3,
			"fragBullet":{
			    "type":"BasicBulletType",
			    "width":10,
			    "height":10,
			    "pierce":true,
			    "pierceCap":1,
			    "lifetime":15,
			    "speed":5.5,
			    	"homingPower":0.8,
			    "damage":15,
			    "backColor":"8998E5FF",
			    //子弹边缘颜色
			    "frontColor":"9DB2FAFF",
			    //子弹中心颜色
			    "hitEffect":"none",
			    "despawnEffect":"none",
			    }
			"inaccuracy":3,
			"smokeEffect": "pulverizeRed",
			"lifetime":60 
			
	}
	},
	"requirements": [
	    "铝/70" ,
	    "锂/60",
	],
	"category": "turret",
	"research": {
		"parent": "震天",
		"objectives": [
      {
				"type": "SectorComplete",
				"preset": "降临点"
			},
    ],
	},
}