{
	"size": 2,
	"name":"机枪",
	"description":"真•机枪",
	"type":"ItemTurret"
	"health": 920,
	"reload": 2,
	"range": 320,
	"inaccuracy": 0,
		"ammoPerShot":3,//射击一次消耗子弹
	"shoot":{
    	"type":"ShootAlternate",
    	"barrels":3,
		//炮口数量
		"spread":2.5,
		//炮口间距设定
		"shots":3,
		//每次射出子弹数
		"shotDelay":0.5,
		//射击延迟
    },
	"targetAir" : true, 
	"targetGround" : true,
	"targetHealing": false,
	"shootCone" : 2,
	"spread" : 4,
	"recoil" : 0,
	"restitution" : 0.04, 
	"rotateSpeed": 18,
	"shootSound" : "lasershoot",
	"consumes": {
	    // "power": 25,
	     "coolant": {
           "amount": 0.6,
           "optional": true
           		"coolantMultiplier":1.5	
          }
    },
    	"ammoTypes": {
		"铝": {
		    //铜
			"speed":8,
			"damage":25,
			"reloadMultiplier":0.8,
			"ammoMultiplier":4,
			"width":5,
			"height":8,
			"inaccuracy":3,
			"smokeEffect": "none",
			"lifetime":45
		}
		"粗硅晶": {
		    //铅
			"speed":8,
			"damage":38,
			"reloadMultiplier":1,
			"ammoMultiplier":5,
			"width":5,
			"height":8,
			"inaccuracy":2,
			"smokeEffect": "none",
			"lifetime":45
		},
				"纯硅晶": {
		    //铅
			"speed":8,
			"damage":56,
			"reloadMultiplier":1.5,
			"ammoMultiplier":3,
			"width":5,
			"height":8,
			"inaccuracy":2,
			"smokeEffect": "none",
			"lifetime":45
		},
				"锡": {
		    //铅
			"speed":8,
			"damage":42,
			"reloadMultiplier":1.5,
			"ammoMultiplier":3,
			"width":5,
			"height":8,
			"inaccuracy":2,
			"smokeEffect": "none",
			"lifetime":45
			  "status":"短路",
				//"pierce":true,//穿透
			//"height":8,
			   "backColor":"#00ffff",
			//子弹边缘颜色
			"frontColor":"#00ffff",
			//子弹中心颜色
			"trailColor":"#00ffff",
			//尾迹颜色
		},
			  "碳单质": {
                  //  "type" : "MissileBulletType",
                    "width":6,
                    //子弹宽度
                    "height":12,
                    //子弹长度
                    "damage":30,
                    "status":"burning",
                    "speed":8,
                    "lifetime":45,
                    "ammoMultiplier":5,
                    "backColor":"CC6600",
			//子弹边缘颜色
			"frontColor":"FFAA33",
			//子弹中心颜色
			"trailColor":"CC6600",
			//尾迹颜色
			"hitEffect":"massiveExplosion",
			//击中特效
                },
		}
//	"hasPower" : true,
	"maxAmmo":80,
	//弹药量
	"requirements": [
		{ "item": "粗硅晶", "amount": 80},
		{ "item": "纯硅晶", "amount": 30},
		{ "item": "锡", "amount": 150}
		{ "item": "铝钢", "amount": 80}
		{ "item": "废晶", "amount": 50}	
	],
	"category": "turret",
		"research": {
		"parent": "电子机枪",
	},
}