{
    "type": "LaserTurret",
    "name": "热熔",
    "description": "将能量转化为高热激光",
    "health": 2820,
    //血量
    "reload":30,
    //攻击间隔
    "size": 3,
    	"coolantMultiplier":0.5
    //尺寸
        // "moveWhileCharging":true,
    //是否转动时也能充能
    "shootSound":"lasercharge",
    //音效
    "shootCone":10,
    //（数值越大激光越尖）
    "recoil": 2,
    //基础后坐力？
    "rotateSpeed":5,
    //炮台转动速度
    "shootDuration":350,
    //射击持续时间
    "heatColor": "E63F00",
    //射击时过热的颜色(可以用十六进制颜色代替)
    "range": 240,
    //射程(半径)(单位为8/格)
    "shootType": {
        "type": "ContinuousLaserBulletType",
        //持续的激光
        "status":"烈性燃烧",
        "damage":60,
        "length": 250,
        "drawSize":250,
        //?
            "pierce":true,
			    "pierceArmor":true,
        "width":6,
        //宽度
        "colors":["FF0000FF","F76464FF","FFBCBCFF","FFFFFF"]
        //激光颜色(由外侧到内侧)
        // "lightningColor":"CCEEFF",
        // //闪电颜色
        // "lightning": 6,
        // //射击命中时生成闪电数量
        // "lightningLength": 13.5,
        // //射击命中时生成闪电的长度
        // "lightningDamage":25,
        // //闪电伤害
        // "knockback":0.5
        }
    "consumes":{
    	"power":30
    	"liquid":{
    		"liquid":"能量流体","amount":0.15
    	}
    }
    "requirements": [
        "铝钢/150",
        "废晶/80",
        "纯硅晶/100",
        "固态能/40",
    ],
    "category": "turret",
    "research": "溶化"
}