{

	"type":"PowerTurret",
	"name":"电压",
    "description":"向地面敌人发射电弧",
	"size":1,//物品面积
	"health":280,//建筑血量
	"range":90,//攻击范围
	"reload":30,//60：0.1每秒一个
		"recoil":2,//后坐力,
	"inaccuracy":0,//误差
	
	                      "consumes": {
	                          
        "power": 2,

        "coolant": {
            "amount": 0.3,
            "optional": true
        }
    },
	"rotateSpeed":3,//旋转速度
	"targetAir":false//攻击天空
	"targetGround":true,//攻击地面
	"coolantMultiplier":2,
	

	
	"heatColor":"#FF0000",
			"shootSound":"spark",
	
    "shootType":{
    
    
    
    "type":"LightningBulletType",
    "damage":35,
    "lightningLength":20,
	"ammoMultiplier":1,
    "collidesAir": true
    },

    "shootEffect":{"type": "ParticleEffect",
    "particles": 4,
    "length":45,
    "baseLength": 0,
    "lifetime": 13,
    "line": true,
    "lenFrom":8,
    "lenTo":18,
    "strokeFrom": 2,
    "strokeTo": 0,
        "cone": 20},

	"requirements": [
		{ "item": "铝", "amount":50 },
		"锂/50"
	],
	"category": "turret",
	"research":"单管炮"
	

}