{
	
	"type": "ItemTurret",
	//炮塔类型有: 
	"name": "穿越ll型",
	"description": "发射强大的穿甲弹",
	"health": 3400,
	"size": 4,
	"reload":15,
	//射速
	"shoot":{
		"type":"ShootAlternate",
		//"alternate":true,
		"barrels":2,
		//炮口数量
		"spread":8,
		//炮口间距设定
		"shots":4,
		},
	"range": 360,
	//范围（8:1)
	   "consumes":{
	 "coolant": {
           "amount": 0.4,
           "optional": true
          }
	}
	"inaccuracy": 5,
	//子弹偏移度
	"recoil":2,
	//后坐力
	"rotateSpeed":6,
	//炮台转动速度
	"maxAmmo":50,
	//装弹容量
	"ammoUseEffect":"casing1",
	"buildCostMultiplier":1,
	//建造时间倍速
	"ammoTypes": {
		"金": {
		//钍子弹
			"speed": 9,
			//速度
			"damage":130,
			//status:"freezing",
			"pierce":true,
			//是否穿透
			"pierceCap":7,
			"reloadMultiplier":1,
			"ammoMultiplier":2,
			"knockback":0.7,
			//击退
			"width":19
			//宽
			"height":23
			//高
			"smokeEffect": "shootSmallSmoke",
			"lifetime": 41
			//存在时间
		},
		"铝钢": {
		//钛子弹
			"speed": 9,
			//速度1
			"damage":98,
			"status":"freezing",
			"pierce":true,
			//是否穿透
			"pierceCap":12,
			"reloadMultiplier":1.5,
			"ammoMultiplier":2,
			"knockback":0.3,
			"inaccuracy":-1,
			"width":19
			"height":23
			"smokeEffect": "shootSmallSmoke",
			"backColor":"8998E5FF",
			//子弹边缘颜色
			"frontColor":"9DB2FAFF",
			//子弹中心颜色
			"lifetime": 41
			//存在时间
		},
		"废晶": {
		//石墨子弹
			"speed": 9,
			//速度
			"damage":110,
			//"status":"freezing",
			"pierce":true,
			"pierceCap":2,
			"reloadMultiplier":1,
			"ammoMultiplier":2,
			//"knockback":0.2,
			"width":18
			"height":22
			"smokeEffect": "shootSmallSmoke",
			"lifetime": 41
			//存在时间
		},
		"铀": {
		//铅子弹
			"speed": 9,
			//速度
			"damage":140,
			"status":"burning",
			"pierce":true,
			"pierceCap":8,
			"reloadMultiplier":0.5,
			"ammoMultiplier":1,
			//"knockback":0.2,
			"width":16
			"height":20
			"smokeEffect": "shootSmallSmoke",
			"lifetime": 41
			//存在时间
		},
		
		"塑胶": {
		//朔钢子弹
			"speed": 9,
			//速度
			"damage":106,
			"pierce":true,
			//是否穿透
			"pierceCap":4,
			"reloadMultiplier":0.75,
			"ammoMultiplier":2,
			"knockback":0.5,
			"width":20,
			"height":24,
			"backColor":"C6D676FF",
			//子弹边缘颜色
			"frontColor":"EBF2A2FF",
			//子弹中心颜色
			"fragBullets":5,
			"fragBullet":{
			    "type":"BasicBulletType",
			    "width":16,
			    "height":6,
			    "lifetime":14,
			    "speed":4,
			    "damage":60,
			    "pierce":true,
			    "pierceCap":7,
			    //穿透数量
			    "backColor":"C6D676FF",
			    //子弹边缘颜色
			    "frontColor":"EBF2A2FF",
			    //子弹中心颜色
			    "hitEffect":"none",
			    "despawnEffect":"none",
			    }
			"smokeEffect": "shootSmallSmoke",
			"hitEffect":"plasticExplosion",
			"lifetime": 41
			//存在时间
		},
		"磷": {
		//硫子弹
			"speed": 9,
			//速度
			"damage":80,
			"status":"烈性燃烧",
			"pierce":true,
			//是否穿透
			"pierceCap":3,
			"reloadMultiplier":1.25,
			"ammoMultiplier":2,
			"knockback":0.2,
			"width":20,
			"height":24,
			"splashDamage":50,
			"splashDamageRadius":25.6,
			"smokeEffect": "shootSmallSmoke",
			"backColor":"CC6600",
			//子弹边缘颜色
			"frontColor":"FFAA33",
			//子弹中心颜色
			"lifetime": 41
			//存在时间
		},
		"金辉合金": {
		//巨浪子弹
			"speed": 9,
			//速度
			"damage":220,
			"status":"shocked",
			"pierce":true,
			//是否穿透
			"pierceCap":5,
			"reloadMultiplier":1.5,
			"ammoMultiplier":1,
			"knockback":1,
			//击退
			"width":20,
			"height":24,
			"inaccuracy":-2,
			"smokeEffect": "shootSmallSmoke",
			"lightningColor":"FFFF00",
			//闪电颜色
			"lightning": 6,
			//射击命中时生成闪电数量
			"lightningLength":12,
			//射击命中时生成闪电的长度
			"lightningDamage":35,
        //闪电伤害
        "lifetime": 41
        //存在时间
		},
			"初代合晶": {
		//巨浪子弹
			"speed": 9,
			//速度
			"damage":380,
			"status":"shocked",
			"pierce":true,
			//是否穿透
			"pierceCap":5,
			"reloadMultiplier":1.5,
			"ammoMultiplier":1,
			"knockback":1,
			//击退
			"width":20,
			"height":24,
			"inaccuracy":-2,
			"smokeEffect": "shootSmallSmoke",
			"lightningColor":"FFFF00",
			//闪电颜色
			"lightning": 6,
			//射击命中时生成闪电数量
			"lightningLength":12,
			//射击命中时生成闪电的长度
			"lightningDamage":35,
        //闪电伤害
        "lifetime": 41
        //存在时间
		},
	},
	"requirements": [
	    "塑胶/120" ,
	    "金/240",
	    "铀/175",
	    "固态能/65"
	    "金辉合金/85"  
	    "初代合晶/35"  
	],
	"category": "turret",
	"research": {
		"parent": "穿越",
		"objectives": [
      {
				"type": "SectorComplete",
				"preset": "穿越ll型"
			},
    ],
	},
}