{
// "type": "ItemTurret",
	//炮塔类型有: 
	"name": "突进",
	"description": "",
	"health": 860,
			"ammoPerShot":4,//射击一次消耗子弹
	"size": 2,
	"shoot":{
    	"type":"ShootAlternate",
    	"barrels":2,
		//炮口数量
		"spread":1.5,
		//炮口间距设定
		"shots":2,
		//每次射出子弹数
		"shotDelay":2,
		//射击延迟
    },
	"reload":15,
	//装弹时间，越小越快(60为1秒)
	"range": 160,
	//射程(半径,8代表一格)
	"inaccuracy":0,
	//子弹偏转度
	"recoil":3,
	   "consumes":{
	     "power": 1, 
	 "coolant": {
           "amount": 0.2,
           "optional": true
          }
	}
	//后坐力
	"alternate":false,
	//炮口是否轮流射击
	"rotateSpeed":5,
	//炮台转动速度
	"maxAmmo":80,
	//弹药量
	"alwaysUnlocked":false,
	//科技树里是否默认解锁
	"ammoTypes": {
		"铝": {
		    //铜
			"speed":6,
			"damage":26,
			"reloadMultiplier":1.2,
			"ammoMultiplier":4,
			"width":8,
			"height":14,
			"inaccuracy":3,
			"smokeEffect": "pulverizeRed",
			"lifetime":30
		}
		"锂": {
		    //铅
			"speed":6,
			"damage":30,
			"reloadMultiplier":1,
			"ammoMultiplier":4,
			"width":14,
			"height":8,
			"inaccuracy":2,
			"smokeEffect": "pulverizeRed",
			"lifetime":30
		},
			"锡": {
		    //铅
			"speed":6,
			"damage":35,
			"reloadMultiplier":1,
			"ammoMultiplier":4,
			"width":14,
			  "status":"短路",
				"pierce":true,//穿透
			"height":8,
			   "backColor":"#00ffff",
			//子弹边缘颜色
			"frontColor":"#00ffff",
			//子弹中心颜色
			"trailColor":"#00ffff",
			//尾迹颜色
			"inaccuracy":2,
			"smokeEffect": "pulverizeRed",
			"lifetime":30
		},
		  "碳单质": {
                    "type" : "MissileBulletType",
                    "width":8,
                    //子弹宽度
                    "height":18,
                    //子弹长度
                    "damage":25,
                    "status":"burning",
                    "speed":6,
                    "lifetime":30,
                    "homingPower":0.1,
                    //追踪力度
                    "homingRange":40,
                    //追踪范围
                    "ammoMultiplier":5,
                    "shrinkY":0,
                    "drag":-0.01,
                    "splashDamageRadius":38,
                    //范围伤害的范围
                    "splashDamage":25,
                    //范围伤害的伤害
                    "backColor":"CC6600",
			//子弹边缘颜色
			"frontColor":"FFAA33",
			//子弹中心颜色
			"trailColor":"CC6600",
			//尾迹颜色
			"hitEffect":"massiveExplosion",
			//击中特效
                    //"lightningDamage":30,
                    //闪电伤害
                    //"lightning":3,
                    //闪电数量
            //"lightningLength":10,
                    //闪电长度
                },
                		"粗硅晶": {//铁矿石
			"knockback":1,
			   "width":8,
                    //子弹宽度
                    "height":18,
                    //子弹长度
			"spin": 0,//子弹旋转速度
			"shrinkY": 0,"shrinkX": 0,//子弹变形程度
			"damage": 38,
			"speed": 5,
			"lifetime":30,
			"hitEffect":"explosion"//击中特效
			"trailLength": 4,//尾迹长
            "trailWidth": 5,//尾迹宽
            "trailColor":"ffce7b",//尾迹颜色
            "trailRotation":true,//尾迹拥有方向
            "trailEffect":"disperseTrail",
            "trailInterval" :3,//尾迹特效间隔
			"fragBullets":5,
			"fragRandomSpread":0,//随机分裂角度
			"fragSpread":25,//分裂角度
			"fragAngle":22.5,//分裂起始角度，
			"fragVelocityMin":0.5,//最小分裂弹速度
	    "fragVelocityMax":0.5,//最大分裂弹速
		"fragBullet":{"type":
		 "BasicBulletType",	"splashDamageRadius":8,			"splashDamage":25,//范围伤害
  "damage":20,
  "trailEffect":"missileTrail",
            "trailInterval" :8,//尾迹特效间隔
  "trailLength": 2,//尾迹长
            "trailWidth": 2,//尾迹宽
            "trailColor":"ffce7b",//尾迹颜色
  "speed": 4,
  "lifetime":26},
		}
		}
	"requirements": [
	    "铝/60" ,
	    "锂/80",
	    "粗硅晶/45",
	],
	"category": "turret",
	"research": {
		"parent": "流星",
	
  
	},

}