{
    "type": "PowerTurret",
    "Name": "重光",
    "description": "激光强化，射程强化。",
    "size":3,
    "health":3800,
    "range":300,
    "reload":80,
    	"coolantMultiplier":0.4
    "shootSound":"laser",
    "rotateSpeed":4,
    "shake":1.5,
    "shoot":{
    	"type":"ShootAlternate",
    	"barrels":3,
		//炮口数量
		"spread":6,
		//炮口间距设定
		 "shots":3
    }
    //炮口数量
    "targetAir":true,
    //是否攻击空军
    "targetGround": true,
    //是否攻击地面单位
    "recoil": 4,
    "consumes":{
		"power":50
			 "coolant": {
           "amount": 1,
           "optional": true
          }
	}
    "shootType": {
        "type": "LaserBulletType",
        "length":310,
        "width":20,
        "hitSize":10,
        "damage":250,
        "hitEffect":"hitLancer",
        "hitSize":7,
        "colors":["FF0000FF", "FF0000FF"],
        		"status": "烈性燃烧",
        "ammoMultiplier":1,
        "knockback":0.36,
        "shootEffect":"lancerLaserShoot",
        "smokeEffect":"lancerLaserCharge",
        "collidesAir":true,
        //是否能攻击到空中单位
     
       
	   }
    "requirements": [
       { "item": "铝", "amount": 200}
	    { "item": "锂", "amount":200}
	
		{ "item": "纯硅晶", "amount":150},
			{ "item": "废晶", "amount": 120},
			{ "item": "金", "amount": 240},
				{ "item": "固态能", "amount": 100},
				{ "item": "初代合晶", "amount": 20},	
    ],
    "category": "turret",
   	"research": {
		"parent": "奇瑟炮",
	},
}
