{
    "name":"降临",
    "description":"向敌人发射导弹。"
    "squareSprite": false,
	"type": "ItemTurret",
	"health":3200,
	"size":4,
	"armor":3
	"range":1600,
	"reload":200,
	"cooldownTime":100,
	"outlineColor":"212121",
	//轮廓颜色
	"ammoPerShot":4,
	//每发消耗多少弹药
	"unitSort":"strongest",
	//优先瞄准单位:最强的
	//"targetAir":false,
	//对空
	"shake":3,
	"shootCone":0.02,
	"minWarmup":0.99,
	"shootWarmupSpeed": 0.08,
	"rotateSpeed": 2,
	"liquidCapacity":120,
	"maxAmmo":80,
	//弹容量
	"consumes": {
		"power":15,
		"coolant": {
			"amount": 1,
			"optional": true
		}
	},
	"coolantMultiplier":0.5,
	"ammoTypes": { 
		"赤金": {
			"spawnUnit": "降临导弹",
			"speed": 7,
			"shootEffect": {
				"type": "MultiEffect",
				"effects": [
					{
						"type": "RadialEffect",
						"effect": "shootSmokeMissile",
						"amount": 1
					},
					{
						"type": "ParticleEffect",
						"particles": 45,
						"lifetime": 180,
						"sizeFrom": 4,
						"sizeTo": 0,
						"length": 120,
						"cone": 10,
						"interp": "pow10In",
						"sizeInterp": "pow5Out",
						"colorFrom": "FEB380AA",
						"colorTo": "FEB38000"
					}
				]
			}
		}
	},
	"requirements": [
	
		"次代合晶/300",
		"赤金/500"
		"固态能/350"
		"凝能晶/250"
	],
	"drawer": {
		"type": "DrawTurret",
		"parts": [
			{
				"type": "RegionPart",
				"suffix": "-missile",
				"progress": "reload",
				"outline": false,
				"under": true,
				"moveY": 3,
				"color": "FFFFFF",
				"colorTo": "FFFFFF00",
				"mixColor": "FFFFFF00",
				"mixColorTo": "FFFFFF"
			},
			/*{
				"type": "RegionPart",
				"suffix": "-shot",
				"under": true,
				"mirror": true,
				"moveX": 2.25,
				"moveY": -1.75
			},*/
			{
				"type": "RegionPart",
				"suffix": "-glow",
				"heatProgress": "warmup",
				"drawRegion": false,
				"heatColor": "F03B0E"
			}
		]
	},
	"category": "turret",
	"research": {
		"parent": "龙卷",
      
		},
}