{
	// "type":"ItemTurret",
	"name":"震天ll型",
    "description":"向敌方战机发射高射炮弹拥有比l型更大的范围与更强的伤害。",
    "details":"这个炮的子弹可以碰撞地面的单位和建筑，所以在前期可以手操这个炮打敌人。"
	"size":2,//物品面积
	"health":1250,//建筑血量
	"ammoPerShot":2,
	"range":400,//攻击范围
	"reload":45,//60：0.1每秒一个
	"inaccuracy":0,//误差
     "ammoUseEffect": "casing1",
	   		"buildCostMultiplier": 0.3,                   "consumes": {
        "coolant": {
            "amount": 0.4,
            "optional": true
        }
    },
	"rotatespeed":2,//旋转速度
	"maxAmmo":180,//最大弹药
	"targetAir":true//攻击天空
	"targetGround":false,//攻击地面
	"coolantMultiplier":0.6,
		"shootSound":"防空",
	"heatColor":"#FF0000",
	    "shoot": {
        "shots": 4,
        "shotDelay": 2,
        "type": "ShootBarrel",
        "barrels": [
        0,0,0,
        ]
    },
	"ammoTypes":{
		"铝": {
		    "reloadMultiplier":0.8,
			"speed": 5,
			"damage": 20,
			"knockback":0.5,
			"lifetime":80,
			"width": 6,
			"height": 9,
			"ammoMultiplier":2,
			"shootEffect": "shootBig" 	
			 "splashDamageRadius":26,
	       "splashDamage":50,	},
				"粗硅晶": {
		    "reloadMultiplier":1.2,
			"speed": 5,
			"damage": 23,
			"lifetime":80,
			"width": 6,
			"height": 9,
			"shootEffect": "shootBig" 		
						    "splashDamageRadius":30,
	    "splashDamage":58,
	                    "fragBullets": 5,
            "fragBullet": {
                "speed": 2,
                "damage": 10,
                "lifetime": 30
            },
	    },
	    		"纯硅晶": {
		    "reloadMultiplier":1,
			"speed": 5,
			"damage": 36,
			"lifetime":80,
			"width": 6,
			"height": 9,
			"shootEffect": "shootBig" 		
						    "splashDamageRadius":38,
	    "splashDamage":75,
	                    "fragBullets": 3,
            "fragBullet": {
                "speed": 6.2,
                "damage": 36,
                "lifetime": 20
                                    "fragBullets": 2,
            "fragBullet": {
                "speed": 6.2,
                "damage": 3,
                "lifetime": 20
                "splashDamageRadius":25,
	    "splashDamage":20,
            },
            },
	    },
            		"锂": {
		
			"speed": 5,
			"damage": 6,
			"knockback":0.6,
			"lifetime":80,
			"width": 6,
			"height": 9,
			"ammoMultiplier":3,
			"shootEffect": "shootBig" 	
				    "splashDamageRadius":20,
	    "splashDamage":58,	},
	    
	},
	"requirements": [
	{ "item": "铝", "amount":300 },
	{ "item": "锂", "amount":235 }
	{ "item": "锡", "amount":200 },
	{ "item": "纯硅晶", "amount":85 }
	],
	"category": "turret",
	//"research":"震天"
			"research": {
		"parent": "震天",
		
		"objectives": [
      {
				"type": "SectorComplete",
				"preset": "狭窄基地"
			},
    ],
    
	},
}