{
    
    "rebuildable": false,
    "floating": true
    "targetable": true,
    "hasShadow": false,
    "buildVisibility":"shown",
	"name": "[blue]合晶工业」
	[red]「更新日志」",
	"description": "0.16版本更新：\n修改铝传送带贴图\n加入超速投射器\n修改
	所有飞机简介，为飞机的攻击目标\n修改猴子的建造可见性\n调整初甲与次甲的护甲
	\n贴图大改，当然，也是我自找的\n0.161更新：\n把天道湛蓝拿走了\n0.17更新：\n
	修改磷的可燃性\n削弱震天ll型\n加入电子防空炮\n修改电踪科技前置\n加入大型玻璃烧制厂
	\n修改磷反应堆发电量\n修改磷工厂\n增加小型力墙\n调整晶体核心的容量与花费\n修改狭窄基地
	\n加入小型质驱\n调整所有核心的单位数量\n加入圣光ll型\n0.18更新：\n修改流星贴图\n
	修改小型质驱建材\n终瑟炮改名重光\n电子机枪建材，伤害，炮口修改\n晶体工厂用料减少，产出增加\n
	给重光配了个阴间的图\n增加压缩仓库\n增加大型磷提炼机\n略微削弱炮台研究所\n火力发电机加了个特效
	\n0.19更新：\n增加铝钢处理器\n修改铝导管的贴图\n增加锡导管\n粒子冲击炮改名为粒子扩散炮\n洄流波次修改
	\n加入提纯坩埚\n修改铝钢重压机\n加入大型电池\n区块粒子扩散炮波次修改\n加入增压泵\n加入塑胶传送带
	\n重击与粒子扩散炮伤害调整\n增加战役石油带\n0.2更新：\n加入初代合晶工厂\n加入初代合晶钻头\n加入大型抽水机
	\n磷贴图修改\n新增矿物固态能\n新增战役极地冰原\n新增液体地板能量流体\n加入温差变压器\n加入大型地热发电机/n
	加入赤金\n加入赤金炼制工厂\n增加地板属性：地能\n增加地板浅层地能\n加入地能发电机\n0.21更新\n加入地板深
	层地能\n加入小型地热\n地热发电机科技树修改\n加入热熔\n加入放射核心\n传输部分顺序调整\n加入修理器lll\n能量
	压缩机改成属性工厂\n新的核心机甲特斯拉\n粒子扩散炮，重击建材增加\n塑胶传送带速度调整\nT4T5单位血量调整\n
	加入石油平台\n0.22更新：\n加入次代合晶工厂\n加入质量折跃器\n加入T5海战雷章\n加入灭火器\n加入能量塔\n加入
	赤金墙\n加入炮台穿越\n加入炮台穿越ll型\n加入3级磷工厂\n加入赤金传送带\n加入赤金装甲传送带\n加入战役跌宕裂谷
	\n加入战役海潮\n加入战役穿越ll型加入炮台机枪\n加入炮台灾灭\n加入T6陆攻天甲\n终甲削弱\n加入缴械炮\n加入Buff缴械
	\n加入Buff一级武装\n加入重光(单发)\n加入T5海辅龙帝\n加入次代合晶钻头\n加入大型汽轮机\n加入战役暗流\n加入超代合晶工厂
	\n加入浓缩能量流体\n加入凝能晶压缩机\n加入能量浓缩机\n加入炮台天景\n加入初代合晶超速仪\n加入矿物赤金\n加入战役赤金矿脉
	\n0.23更新\n调整天甲武器配置\n加入能量重压机\n加入终代合晶工厂\n削弱终甲\n加入5级爬爬冥界\n加入战役冥域\n加入次代发射台
	\n加入1级合晶墙\n加入晶体电池\n加入战役资源站点\n加入铀裂变换能器\n加入炮台沉石\n0.24更新/n加入大型RTG发电机\n加入炮塔
	噩梦\n加入炮台诀别\n加入锡导管桥\n加入合晶核心l\n加入单位特斯拉强化机\n加入6级爬爬佛戮\n加入超巨型仓\nT3空辅重画\n加入超
	神级单位重构工厂\n调整了一些数据\n0.25更新\n加入单位暴雪机器人\n加入合晶棱镜塔\n加入石油离心机\n加入巨浪\n加入TF卡\n加入
	硬盘\n加入显示器\n加入大型显示器\n加入战役分冥\n0.26更新\n粒子扩散炮伤害增加\n加入buff极致\nT5大削\n建造塔范围扩大\n灭火器
	加强\n加入2级建造塔\n加入凝能钻头\n地图穿越ll型加强\nT5厂调整\n穿越加强\n新地图涡旋煤坑\n赤金传送带桥\n坦克战吼\n压缩传送带\n
	地图都江堰\n加入水箱\n加入金辉仓库\n第一个地图重置\n0.27更新\n加入坦克出征\n战役红石洞口\n3级合晶墙\n圣光lll型\n6级陆辅烨煜\n6
	级空攻天元\n炮台龙卷\n金辉轰击厂与初代合晶厂配料调整\n部分贴图重画\n核心机全体修改原地脱离附身物体\nLv5挖矿机\nbuff暴雪装甲和离子灼烧\n超速天穹\n修复天穹\n大型力墙\n超压泵
\n物品地狱结晶\n爆破反应堆\n实验单位坦荡\n炮台降临\n炮台戍守
\n炮台天道审判\n炮台引力\n炮台狱火\nLv6挖矿机\n合晶核心ll\n0.28更新\n物品终末合晶\n玩家单位战栗\n高效金辉合金工厂\n4级装卸器\n战役黄金山谷\n加了一坨东西，改了诸多数据，懒得写了\n0.282更新\n加入T3火力发电机\n修了bug\n新星球海兹尔，即将开启全新科技树
",
	"type": "Wall",
	"health": 0,
	"size": 1,
	"requirements": [
	"错误/1"
	],
	"category": "effect",
	"research": "基础核心"
}
