{
    "type": "PowerTurret",
    "Name": "试试",
    "description": "充能并向单位发射能量束，无法直接攻击空军，但是能量束可对空军造成伤害。",
    "size":1,
    "health":600,
    "range":120,
    "reload":70,
    "shootSound":"laser",
    "rotateSpeed":4,
    "shake":1.5,
    "shoot":1
    //炮口数量
    "targetAir":false,
    //是否攻击空军
    "targetGround": true,
    //是否攻击地面单位
    "recoil": 0.8,
    "consumes":{
		"power":4
			     "coolant": {
           "amount": 0.2,
           "optional": true
          }
	}
    "shootType": {
        "type": "LaserBulletType",
        "length":110,
        "width":18,
        "hitSize":10,
        "damage":60,
        "hitEffect":"hitLancer",
        "hitSize":7,
        "ammoMultiplier":1,
        "knockback":0.36,
        "absorbable":true
        "shootEffect":"lancerLaserShoot",
        "smokeEffect":"lancerLaserCharge",
        "collidesAir":true,
        //是否能攻击到空中单位
        "sideAngle":15,
        "sideWidth":0,
        "sideLength":0
    },
    "requirements": [
        "铝/125",
        "锂/90",
        "粗硅晶/40",
    ],
    "category": "turret",
    "research": "电压"
}
